[2026-03-25T21:50:41.668Z] [INFO] [main] Running remaining step: lab orders
[2026-03-25T21:50:43.325Z] [INFO] [main] DB connected
[2026-03-25T21:50:43.329Z] [INFO] [main] Maps: 4439 patients
[2026-03-25T21:50:43.330Z] [INFO] [phase2/lab-orders] Starting lab orders import...
[2026-03-25T21:50:43.340Z] [INFO] [phase2/lab-orders] Loaded 1857 lab order items for 539 orders
[2026-03-25T21:50:43.432Z] [INFO] [phase2/lab-orders] Loaded 13540 observations for 761 results
[2026-03-25T21:50:43.434Z] [INFO] [phase2/lab-orders] Found 562 lab orders
[2026-03-25T21:50:43.444Z] [ERROR] [phase2/lab-orders] Lab order dfd9b376-dcb4-4ab0-85a4-bfd8d3c1918c: null value in column "order_diagnosis" of relation "lab_orders" violates not-null constraint
[2026-03-25T21:50:43.446Z] [ERROR] [phase2/lab-orders] Lab order 73918633-88b6-4024-93fe-2bb0a16ba4a7: null value in column "order_diagnosis" of relation "lab_orders" violates not-null constraint
[2026-03-25T21:50:43.448Z] [ERROR] [phase2/lab-orders] Lab order 79346380-3168-4587-abe6-a16851f79ea9: null value in column "order_diagnosis" of relation "lab_orders" violates not-null constraint
[2026-03-25T21:50:43.451Z] [ERROR] [phase2/lab-orders] Lab order c4d7e8c9-05ed-43ad-bb8c-f1fe79489c2d: null value in column "order_diagnosis" of relation "lab_orders" violates not-null constraint
[2026-03-25T21:50:43.452Z] [ERROR] [phase2/lab-orders] Lab order 5d77eefb-80b3-40f5-940c-3cf9827d126e: null value in column "order_diagnosis" of relation "lab_orders" violates not-null constraint
[2026-03-25T21:50:43.454Z] [ERROR] [phase2/lab-orders] Lab order 8bd182d0-bde9-42f7-aa5e-c849a36bdbc6: null value in column "order_diagnosis" of relation "lab_orders" violates not-null constraint
[2026-03-25T21:50:43.455Z] [ERROR] [phase2/lab-orders] Lab order 38e026c9-89f9-47f2-bb94-193e1265a716: null value in column "order_diagnosis" of relation "lab_orders" violates not-null constraint
[2026-03-25T21:50:43.456Z] [ERROR] [phase2/lab-orders] Lab order 4c59bbe3-7a1c-4a61-9d4f-94d329800ada: null value in column "order_diagnosis" of relation "lab_orders" violates not-null constraint
[2026-03-25T21:50:43.457Z] [ERROR] [phase2/lab-orders] Lab order 7b2faf26-fba6-4226-ab38-fbf18289fa8d: null value in column "order_diagnosis" of relation "lab_orders" violates not-null constraint
[2026-03-25T21:50:43.459Z] [ERROR] [phase2/lab-orders] Lab order 4f34183d-3050-4daa-b248-9082c780e97f: null value in column "tests" of relation "lab_orders" violates not-null constraint
[2026-03-25T21:50:43.460Z] [ERROR] [phase2/lab-orders] Lab order f5646aaf-206d-423f-ada5-0e8645fc10c7: null value in column "order_diagnosis" of relation "lab_orders" violates not-null constraint
[2026-03-25T21:50:43.461Z] [ERROR] [phase2/lab-orders] Lab order cbaa9177-6ba2-42a2-9189-097dcfcb59f1: null value in column "order_diagnosis" of relation "lab_orders" violates not-null constraint
[2026-03-25T21:50:43.465Z] [ERROR] [phase2/lab-orders] Lab order 680fe50a-1eab-430a-bae5-9525e9f56a3a: null value in column "order_diagnosis" of relation "lab_orders" violates not-null constraint
[2026-03-25T21:50:43.466Z] [ERROR] [phase2/lab-orders] Lab order fe121c05-0f55-4dba-bcbc-2bdfe6b792a9: null value in column "order_diagnosis" of relation "lab_orders" violates not-null constraint
[2026-03-25T21:50:43.468Z] [ERROR] [phase2/lab-orders] Lab order ef80d720-1da1-4b15-8294-7e472ef4283e: null value in column "order_diagnosis" of relation "lab_orders" violates not-null constraint
[2026-03-25T21:50:43.469Z] [ERROR] [phase2/lab-orders] Lab order 2b613e0a-caf0-48fb-9a04-cab0f3c1b2a3: null value in column "order_diagnosis" of relation "lab_orders" violates not-null constraint
[2026-03-25T21:50:43.470Z] [ERROR] [phase2/lab-orders] Lab order a4437cdc-68de-4cbd-937d-35fdd5385790: null value in column "order_diagnosis" of relation "lab_orders" violates not-null constraint
[2026-03-25T21:50:43.471Z] [ERROR] [phase2/lab-orders] Lab order ac65282b-f22a-4e0e-acff-7aea354a297d: null value in column "order_diagnosis" of relation "lab_orders" violates not-null constraint
[2026-03-25T21:50:43.472Z] [ERROR] [phase2/lab-orders] Lab order ca594394-4fad-4769-8ed0-5c9dcac948f9: null value in column "order_diagnosis" of relation "lab_orders" violates not-null constraint
[2026-03-25T21:50:43.473Z] [ERROR] [phase2/lab-orders] Lab order c3d470df-1448-4428-be82-92eb8ac017a2: null value in column "tests" of relation "lab_orders" violates not-null constraint
[2026-03-25T21:50:43.474Z] [ERROR] [phase2/lab-orders] Lab order 2801970a-cef7-4b5d-ab1c-4ecffbb0cd92: null value in column "order_diagnosis" of relation "lab_orders" violates not-null constraint
[2026-03-25T21:50:43.475Z] [ERROR] [phase2/lab-orders] Lab order 29f425ac-1780-4f21-9356-af6e04357ea7: null value in column "order_diagnosis" of relation "lab_orders" violates not-null constraint
[2026-03-25T21:50:43.476Z] [ERROR] [phase2/lab-orders] Lab order 81d49e91-37c8-4386-99e3-415d9ca7e7c2: null value in column "order_diagnosis" of relation "lab_orders" violates not-null constraint
[2026-03-25T21:50:43.477Z] [ERROR] [phase2/lab-orders] Lab order 230fa21c-7517-47ef-bf6d-fb85594345e5: null value in column "tests" of relation "lab_orders" violates not-null constraint
[2026-03-25T21:50:43.478Z] [ERROR] [phase2/lab-orders] Lab order 04b51710-6e99-4779-99f3-ddd240c1a358: null value in column "order_diagnosis" of relation "lab_orders" violates not-null constraint
[2026-03-25T21:50:43.478Z] [ERROR] [phase2/lab-orders] Lab order 7221139a-812c-4cf1-b1e6-7b8d4047c160: null value in column "order_diagnosis" of relation "lab_orders" violates not-null constraint
[2026-03-25T21:50:43.479Z] [ERROR] [phase2/lab-orders] Lab order f12cc21a-9716-4ae8-b4c3-f04259bc8d8e: null value in column "order_diagnosis" of relation "lab_orders" violates not-null constraint
[2026-03-25T21:50:43.480Z] [ERROR] [phase2/lab-orders] Lab order 03b83fc9-1124-4521-96e5-157e4fad7fd5: null value in column "order_diagnosis" of relation "lab_orders" violates not-null constraint
[2026-03-25T21:50:43.481Z] [ERROR] [phase2/lab-orders] Lab order ae23c154-7fbd-4507-859a-cb77f36c291f: null value in column "order_diagnosis" of relation "lab_orders" violates not-null constraint
[2026-03-25T21:50:43.482Z] [ERROR] [phase2/lab-orders] Lab order 90537578-11a8-4ee4-8be4-3b20c0a1f2b8: null value in column "order_diagnosis" of relation "lab_orders" violates not-null constraint
[2026-03-25T21:50:43.483Z] [ERROR] [phase2/lab-orders] Lab order d3147327-d743-4544-b3bd-a9b0cc6844d9: null value in column "order_diagnosis" of relation "lab_orders" violates not-null constraint
[2026-03-25T21:50:43.484Z] [ERROR] [phase2/lab-orders] Lab order a095f8c3-08db-4696-918f-8cc8a7ebe562: null value in column "order_diagnosis" of relation "lab_orders" violates not-null constraint
[2026-03-25T21:50:43.485Z] [ERROR] [phase2/lab-orders] Lab order ed4b02d0-f470-48c2-9e37-d4fe8b3588dc: null value in column "order_diagnosis" of relation "lab_orders" violates not-null constraint
[2026-03-25T21:50:43.486Z] [ERROR] [phase2/lab-orders] Lab order 47cd55a0-d2a0-4600-94a0-cfbe9506598f: null value in column "order_diagnosis" of relation "lab_orders" violates not-null constraint
[2026-03-25T21:50:43.487Z] [ERROR] [phase2/lab-orders] Lab order 41a9ec35-94c5-414b-806a-ccd3d4f71ff9: null value in column "order_diagnosis" of relation "lab_orders" violates not-null constraint
[2026-03-25T21:50:43.488Z] [ERROR] [phase2/lab-orders] Lab order 2068a6de-799a-4d82-9d62-8d696be7b4a2: null value in column "order_diagnosis" of relation "lab_orders" violates not-null constraint
[2026-03-25T21:50:43.488Z] [ERROR] [phase2/lab-orders] Lab order b1ee7b10-a252-4214-a45f-1da4b49551f6: null value in column "order_diagnosis" of relation "lab_orders" violates not-null constraint
[2026-03-25T21:50:43.489Z] [ERROR] [phase2/lab-orders] Lab order 5a011a50-9203-444b-85bf-f6132656042e: null value in column "order_diagnosis" of relation "lab_orders" violates not-null constraint
[2026-03-25T21:50:43.490Z] [ERROR] [phase2/lab-orders] Lab order e5e7f50c-0087-4fc1-bd90-a31a01f046ef: null value in column "order_diagnosis" of relation "lab_orders" violates not-null constraint
[2026-03-25T21:50:43.491Z] [ERROR] [phase2/lab-orders] Lab order b4978c99-0001-4ac4-9bb9-9f5e8af612ef: null value in column "order_diagnosis" of relation "lab_orders" violates not-null constraint
[2026-03-25T21:50:43.492Z] [ERROR] [phase2/lab-orders] Lab order ae63ca77-4126-454b-813a-4519a59b757c: null value in column "tests" of relation "lab_orders" violates not-null constraint
[2026-03-25T21:50:43.493Z] [ERROR] [phase2/lab-orders] Lab order 9bbb7b9b-bef7-4d1b-8d71-5bcf8274988c: null value in column "order_diagnosis" of relation "lab_orders" violates not-null constraint
[2026-03-25T21:50:43.494Z] [ERROR] [phase2/lab-orders] Lab order 1016ded5-8a6c-4c0b-a85a-fa936657cf39: null value in column "order_diagnosis" of relation "lab_orders" violates not-null constraint
[2026-03-25T21:50:43.495Z] [ERROR] [phase2/lab-orders] Lab order 5b6ce373-fb87-4be8-9733-464858132b61: null value in column "order_diagnosis" of relation "lab_orders" violates not-null constraint
[2026-03-25T21:50:43.495Z] [ERROR] [phase2/lab-orders] Lab order dfdeccb7-b975-44da-ba4f-d506cfc0e115: null value in column "order_diagnosis" of relation "lab_orders" violates not-null constraint
[2026-03-25T21:50:43.496Z] [ERROR] [phase2/lab-orders] Lab order 392e761c-5e83-4225-b879-3ffb19d8647c: null value in column "order_diagnosis" of relation "lab_orders" violates not-null constraint
[2026-03-25T21:50:43.497Z] [ERROR] [phase2/lab-orders] Lab order f2c9e8fc-efbc-421b-8206-337e187e6505: null value in column "order_diagnosis" of relation "lab_orders" violates not-null constraint
[2026-03-25T21:50:43.498Z] [ERROR] [phase2/lab-orders] Lab order f1caac0a-377a-4759-808d-021661fa6dc6: null value in column "order_diagnosis" of relation "lab_orders" violates not-null constraint
[2026-03-25T21:50:43.499Z] [ERROR] [phase2/lab-orders] Lab order bfeb7de5-a808-4218-8eec-21c552120c84: null value in column "order_diagnosis" of relation "lab_orders" violates not-null constraint
[2026-03-25T21:50:43.500Z] [ERROR] [phase2/lab-orders] Lab order 2c735b67-e000-448b-b41d-6fdf518480b7: null value in column "order_diagnosis" of relation "lab_orders" violates not-null constraint
[2026-03-25T21:50:43.501Z] [ERROR] [phase2/lab-orders] Lab order ff2c56a9-1959-4fa1-951c-c61d164d568a: null value in column "order_diagnosis" of relation "lab_orders" violates not-null constraint
[2026-03-25T21:50:43.502Z] [ERROR] [phase2/lab-orders] Lab order 4ef7d0af-1216-4992-bb03-e6b98d9a85e1: null value in column "order_diagnosis" of relation "lab_orders" violates not-null constraint
[2026-03-25T21:50:43.502Z] [ERROR] [phase2/lab-orders] Lab order c608c15c-2c2c-4748-8a47-0daaba29c386: null value in column "order_diagnosis" of relation "lab_orders" violates not-null constraint
[2026-03-25T21:50:43.503Z] [ERROR] [phase2/lab-orders] Lab order a565ebe9-a7d7-41d7-9591-5ae1dfd5dc36: null value in column "order_diagnosis" of relation "lab_orders" violates not-null constraint
[2026-03-25T21:50:43.504Z] [ERROR] [phase2/lab-orders] Lab order 40dcd04c-afc3-429f-9742-d10c7bbd99c3: null value in column "order_diagnosis" of relation "lab_orders" violates not-null constraint
[2026-03-25T21:50:43.505Z] [ERROR] [phase2/lab-orders] Lab order 5a272e30-3b1b-4b82-98b6-df85e85595ce: null value in column "order_diagnosis" of relation "lab_orders" violates not-null constraint
[2026-03-25T21:50:43.506Z] [ERROR] [phase2/lab-orders] Lab order 317d80e9-2536-46fd-b23e-f733132254b1: null value in column "order_diagnosis" of relation "lab_orders" violates not-null constraint
[2026-03-25T21:50:43.507Z] [ERROR] [phase2/lab-orders] Lab order 5cd2ad6e-f36b-4028-b33b-bf66bac6bc1a: null value in column "order_diagnosis" of relation "lab_orders" violates not-null constraint
[2026-03-25T21:50:43.508Z] [ERROR] [phase2/lab-orders] Lab order 1176c9c1-bd1d-447b-bebb-7053c4737d7f: null value in column "order_diagnosis" of relation "lab_orders" violates not-null constraint
[2026-03-25T21:50:43.509Z] [ERROR] [phase2/lab-orders] Lab order 8056670a-d0ac-4eb9-81f4-b4d026cdbbeb: null value in column "order_diagnosis" of relation "lab_orders" violates not-null constraint
[2026-03-25T21:50:43.509Z] [ERROR] [phase2/lab-orders] Lab order 31281593-da05-4715-b825-b2da2565e508: null value in column "order_diagnosis" of relation "lab_orders" violates not-null constraint
[2026-03-25T21:50:43.510Z] [ERROR] [phase2/lab-orders] Lab order ce449d0e-b493-4577-a3ec-f7a4fab65cc5: null value in column "order_diagnosis" of relation "lab_orders" violates not-null constraint
[2026-03-25T21:50:43.511Z] [ERROR] [phase2/lab-orders] Lab order 9eec5c9f-82ad-4ca4-acf6-649e82eb4251: null value in column "order_diagnosis" of relation "lab_orders" violates not-null constraint
[2026-03-25T21:50:43.512Z] [ERROR] [phase2/lab-orders] Lab order 68e3384d-e1be-4d8c-90e3-9b8f02b85f7e: null value in column "order_diagnosis" of relation "lab_orders" violates not-null constraint
[2026-03-25T21:50:43.513Z] [ERROR] [phase2/lab-orders] Lab order 04e916cd-71ce-4901-9f11-6cc8cb3428a6: null value in column "order_diagnosis" of relation "lab_orders" violates not-null constraint
[2026-03-25T21:50:43.514Z] [ERROR] [phase2/lab-orders] Lab order a7a30d5d-a408-4ce4-a1f2-b8fbfc4a7c47: null value in column "tests" of relation "lab_orders" violates not-null constraint
[2026-03-25T21:50:43.515Z] [ERROR] [phase2/lab-orders] Lab order a824ebce-1fb4-4399-9719-83914df2bd6e: null value in column "order_diagnosis" of relation "lab_orders" violates not-null constraint
[2026-03-25T21:50:43.516Z] [ERROR] [phase2/lab-orders] Lab order 20fdd226-9f85-415e-ac4f-3384fd73ecbd: null value in column "order_diagnosis" of relation "lab_orders" violates not-null constraint
[2026-03-25T21:50:43.517Z] [ERROR] [phase2/lab-orders] Lab order 74b934cd-4ec1-42b4-b175-9d7622bff8d4: null value in column "order_diagnosis" of relation "lab_orders" violates not-null constraint
[2026-03-25T21:50:43.518Z] [ERROR] [phase2/lab-orders] Lab order 0cb2f97b-1741-4bfa-8e2d-d0d1a57c6d9b: null value in column "order_diagnosis" of relation "lab_orders" violates not-null constraint
[2026-03-25T21:50:43.519Z] [ERROR] [phase2/lab-orders] Lab order 85800601-440b-4634-a4a1-2ab67a911168: null value in column "order_diagnosis" of relation "lab_orders" violates not-null constraint
[2026-03-25T21:50:43.520Z] [ERROR] [phase2/lab-orders] Lab order 5bc0edfc-5253-4458-9915-9e5c87c87bac: null value in column "order_diagnosis" of relation "lab_orders" violates not-null constraint
[2026-03-25T21:50:43.521Z] [ERROR] [phase2/lab-orders] Lab order a582124a-d7be-4e94-a2a4-bbf7379e00fd: null value in column "order_diagnosis" of relation "lab_orders" violates not-null constraint
[2026-03-25T21:50:43.521Z] [ERROR] [phase2/lab-orders] Lab order 14f8192a-36d0-4454-afdd-9d9583262459: null value in column "tests" of relation "lab_orders" violates not-null constraint
[2026-03-25T21:50:43.522Z] [ERROR] [phase2/lab-orders] Lab order fc0c1942-b272-416e-9190-9f0136f6a415: null value in column "order_diagnosis" of relation "lab_orders" violates not-null constraint
[2026-03-25T21:50:43.523Z] [ERROR] [phase2/lab-orders] Lab order 405e6c30-7817-451f-8f91-afc0f0b26df7: null value in column "order_diagnosis" of relation "lab_orders" violates not-null constraint
[2026-03-25T21:50:43.524Z] [ERROR] [phase2/lab-orders] Lab order f8ec830a-9db1-4f02-81db-1b8c59b1cfa8: null value in column "order_diagnosis" of relation "lab_orders" violates not-null constraint
[2026-03-25T21:50:43.525Z] [ERROR] [phase2/lab-orders] Lab order fe39b057-55c8-442a-8451-e2af08c19ee8: null value in column "order_diagnosis" of relation "lab_orders" violates not-null constraint
[2026-03-25T21:50:43.526Z] [ERROR] [phase2/lab-orders] Lab order 4987ddea-57dc-42b6-b8a3-3d19252c537b: null value in column "order_diagnosis" of relation "lab_orders" violates not-null constraint
[2026-03-25T21:50:43.527Z] [ERROR] [phase2/lab-orders] Lab order 3690138d-ee03-4914-95b1-530638dbe1a5: null value in column "order_diagnosis" of relation "lab_orders" violates not-null constraint
[2026-03-25T21:50:43.528Z] [ERROR] [phase2/lab-orders] Lab order 7aafa169-95db-4d63-a7d1-287292e40772: null value in column "order_diagnosis" of relation "lab_orders" violates not-null constraint
[2026-03-25T21:50:43.529Z] [ERROR] [phase2/lab-orders] Lab order fedce49d-ea6a-4ef8-8dd9-466982b29db6: null value in column "order_diagnosis" of relation "lab_orders" violates not-null constraint
[2026-03-25T21:50:43.530Z] [ERROR] [phase2/lab-orders] Lab order b01b8ee0-a584-40d8-bcee-5508c6efb512: null value in column "order_diagnosis" of relation "lab_orders" violates not-null constraint
[2026-03-25T21:50:43.530Z] [ERROR] [phase2/lab-orders] Lab order 19534d4b-3d76-436b-a66f-e371a99b6bec: null value in column "order_diagnosis" of relation "lab_orders" violates not-null constraint
[2026-03-25T21:50:43.531Z] [ERROR] [phase2/lab-orders] Lab order e1e7735b-3c00-4fdc-b7e7-9f04667273ac: null value in column "order_diagnosis" of relation "lab_orders" violates not-null constraint
[2026-03-25T21:50:43.532Z] [ERROR] [phase2/lab-orders] Lab order 53f3f9af-198a-4e23-8391-1d957a25e3ea: null value in column "order_diagnosis" of relation "lab_orders" violates not-null constraint
[2026-03-25T21:50:43.533Z] [ERROR] [phase2/lab-orders] Lab order 97af6db6-12e8-43ac-86a1-0c8629c8eebf: null value in column "order_diagnosis" of relation "lab_orders" violates not-null constraint
[2026-03-25T21:50:43.534Z] [ERROR] [phase2/lab-orders] Lab order b80e808c-fb13-467c-985f-e2e7089f30d0: null value in column "order_diagnosis" of relation "lab_orders" violates not-null constraint
[2026-03-25T21:50:43.535Z] [ERROR] [phase2/lab-orders] Lab order 7eda3f5f-3686-4581-9da9-9a60aabd3777: null value in column "order_diagnosis" of relation "lab_orders" violates not-null constraint
[2026-03-25T21:50:43.536Z] [ERROR] [phase2/lab-orders] Lab order d00e53bd-9f6b-4557-9722-724a1669975b: null value in column "order_diagnosis" of relation "lab_orders" violates not-null constraint
[2026-03-25T21:50:43.536Z] [ERROR] [phase2/lab-orders] Lab order dc2e1645-b91d-4a91-9f9b-c1937c4dd553: null value in column "order_diagnosis" of relation "lab_orders" violates not-null constraint
[2026-03-25T21:50:43.537Z] [ERROR] [phase2/lab-orders] Lab order a05d7dc6-e11c-4c96-8356-9a6fce1d20c7: null value in column "order_diagnosis" of relation "lab_orders" violates not-null constraint
[2026-03-25T21:50:43.538Z] [ERROR] [phase2/lab-orders] Lab order efd383c8-f420-404e-bdfc-eceead02b555: null value in column "order_diagnosis" of relation "lab_orders" violates not-null constraint
[2026-03-25T21:50:43.539Z] [ERROR] [phase2/lab-orders] Lab order da24cc50-8224-4d46-b25d-a2edc01ba735: null value in column "order_diagnosis" of relation "lab_orders" violates not-null constraint
[2026-03-25T21:50:43.540Z] [ERROR] [phase2/lab-orders] Lab order 8e1ce3c7-8d44-47c8-86e7-0c58545e013d: null value in column "order_diagnosis" of relation "lab_orders" violates not-null constraint
[2026-03-25T21:50:43.541Z] [ERROR] [phase2/lab-orders] Lab order f9812a14-2b37-4d8f-aa0e-cbf0bf0befae: null value in column "order_diagnosis" of relation "lab_orders" violates not-null constraint
[2026-03-25T21:50:43.542Z] [ERROR] [phase2/lab-orders] Lab order 1bef9f4f-a2cf-46e8-a56d-a49d4fecf86d: null value in column "order_diagnosis" of relation "lab_orders" violates not-null constraint
[2026-03-25T21:50:43.542Z] [ERROR] [phase2/lab-orders] Lab order 5be56352-a5be-4c2a-b5a9-6e67583eefac: null value in column "order_diagnosis" of relation "lab_orders" violates not-null constraint
[2026-03-25T21:50:43.543Z] [ERROR] [phase2/lab-orders] Lab order ece61c0c-cb24-416d-a423-9b2a721af5ce: null value in column "order_diagnosis" of relation "lab_orders" violates not-null constraint
[2026-03-25T21:50:43.544Z] [ERROR] [phase2/lab-orders] Lab order 08cb58ac-ed6d-4b75-9a1b-4a05dade345e: null value in column "tests" of relation "lab_orders" violates not-null constraint
[2026-03-25T21:50:43.545Z] [ERROR] [phase2/lab-orders] Lab order 088d500d-cac4-440e-aadb-464bb79f2e89: null value in column "order_diagnosis" of relation "lab_orders" violates not-null constraint
[2026-03-25T21:50:43.546Z] [ERROR] [phase2/lab-orders] Lab order 0c12aaf9-6a18-4170-9a0f-523a4ce833d6: null value in column "order_diagnosis" of relation "lab_orders" violates not-null constraint
[2026-03-25T21:50:43.547Z] [ERROR] [phase2/lab-orders] Lab order 43036bd9-299d-49d2-8c05-a87440fb9e6e: null value in column "order_diagnosis" of relation "lab_orders" violates not-null constraint
[2026-03-25T21:50:43.548Z] [ERROR] [phase2/lab-orders] Lab order eb68dbc0-4115-48f3-905e-f1fd582c48d2: null value in column "order_diagnosis" of relation "lab_orders" violates not-null constraint
[2026-03-25T21:50:43.548Z] [ERROR] [phase2/lab-orders] Lab order 800e53f9-fc85-432b-9204-4b620a64e397: null value in column "order_diagnosis" of relation "lab_orders" violates not-null constraint
[2026-03-25T21:50:43.549Z] [ERROR] [phase2/lab-orders] Lab order 614faf62-c785-40fc-b883-d56c4f7bb1da: null value in column "order_diagnosis" of relation "lab_orders" violates not-null constraint
[2026-03-25T21:50:43.550Z] [ERROR] [phase2/lab-orders] Lab order c9f112c8-e678-4d5e-a75c-274c216d2f40: null value in column "order_diagnosis" of relation "lab_orders" violates not-null constraint
[2026-03-25T21:50:43.551Z] [ERROR] [phase2/lab-orders] Lab order 76df2426-03c4-4847-924d-a1d8e0592ab4: null value in column "order_diagnosis" of relation "lab_orders" violates not-null constraint
[2026-03-25T21:50:43.552Z] [ERROR] [phase2/lab-orders] Lab order b70949a9-bcaa-4641-b83d-19a4eacc8130: null value in column "order_diagnosis" of relation "lab_orders" violates not-null constraint
[2026-03-25T21:50:43.555Z] [ERROR] [phase2/lab-orders] Lab order c282a662-ca74-43b0-822b-dcbbe849a528: null value in column "order_diagnosis" of relation "lab_orders" violates not-null constraint
[2026-03-25T21:50:43.556Z] [ERROR] [phase2/lab-orders] Lab order f9bdd017-8a9f-4df4-a8d0-0f7a2fb2d40a: null value in column "order_diagnosis" of relation "lab_orders" violates not-null constraint
[2026-03-25T21:50:43.557Z] [ERROR] [phase2/lab-orders] Lab order da30df0f-92e1-4980-b349-5a07bd1a9ca4: null value in column "order_diagnosis" of relation "lab_orders" violates not-null constraint
[2026-03-25T21:50:43.558Z] [ERROR] [phase2/lab-orders] Lab order 5630869f-f62f-48cc-bb07-1fd5fbfc4f84: null value in column "order_diagnosis" of relation "lab_orders" violates not-null constraint
[2026-03-25T21:50:43.559Z] [ERROR] [phase2/lab-orders] Lab order 08eb1b2e-0177-4901-9e97-e254d2d24c96: null value in column "order_diagnosis" of relation "lab_orders" violates not-null constraint
[2026-03-25T21:50:43.559Z] [ERROR] [phase2/lab-orders] Lab order 66356f61-9872-460d-b3fa-65378c2af148: null value in column "order_diagnosis" of relation "lab_orders" violates not-null constraint
[2026-03-25T21:50:43.560Z] [ERROR] [phase2/lab-orders] Lab order 0e1c508a-df93-4a47-b6b9-a6773c030370: null value in column "order_diagnosis" of relation "lab_orders" violates not-null constraint
[2026-03-25T21:50:43.561Z] [ERROR] [phase2/lab-orders] Lab order cdc3a7fc-48f5-4232-b7b7-7e71aa3d2a70: null value in column "order_diagnosis" of relation "lab_orders" violates not-null constraint
[2026-03-25T21:50:43.562Z] [ERROR] [phase2/lab-orders] Lab order 95825e60-9f97-4e47-808e-51d77e5f54e8: null value in column "order_diagnosis" of relation "lab_orders" violates not-null constraint
[2026-03-25T21:50:43.563Z] [ERROR] [phase2/lab-orders] Lab order a38375ca-e4e2-4728-9570-ed7367559690: null value in column "order_diagnosis" of relation "lab_orders" violates not-null constraint
[2026-03-25T21:50:43.564Z] [ERROR] [phase2/lab-orders] Lab order 9df7eeae-2e03-4abf-91e3-003098714211: null value in column "order_diagnosis" of relation "lab_orders" violates not-null constraint
[2026-03-25T21:50:43.565Z] [ERROR] [phase2/lab-orders] Lab order 3132ed45-2885-48f2-afc9-0489f1f302b5: null value in column "tests" of relation "lab_orders" violates not-null constraint
[2026-03-25T21:50:43.566Z] [ERROR] [phase2/lab-orders] Lab order 085891df-61fd-4f9c-87be-20fa5f812178: null value in column "order_diagnosis" of relation "lab_orders" violates not-null constraint
[2026-03-25T21:50:43.567Z] [ERROR] [phase2/lab-orders] Lab order a40ddd61-66df-4daa-9cb5-0065541dc316: null value in column "order_diagnosis" of relation "lab_orders" violates not-null constraint
[2026-03-25T21:50:43.568Z] [ERROR] [phase2/lab-orders] Lab order 83c14aac-02de-4a68-badc-5dfe41bd0183: null value in column "order_diagnosis" of relation "lab_orders" violates not-null constraint
[2026-03-25T21:50:43.569Z] [ERROR] [phase2/lab-orders] Lab order c34f6319-10cb-4bdd-a78d-4b8e879ab442: null value in column "order_diagnosis" of relation "lab_orders" violates not-null constraint
[2026-03-25T21:50:43.570Z] [ERROR] [phase2/lab-orders] Lab order 4a54faae-ed01-405b-a906-cce08587daef: null value in column "order_diagnosis" of relation "lab_orders" violates not-null constraint
[2026-03-25T21:50:43.571Z] [ERROR] [phase2/lab-orders] Lab order 5cd26e94-f26f-4498-b89a-a7188ea5326f: null value in column "tests" of relation "lab_orders" violates not-null constraint
[2026-03-25T21:50:43.572Z] [ERROR] [phase2/lab-orders] Lab order facbd8fd-19da-4a7c-82f5-e9e4a9a7e037: null value in column "order_diagnosis" of relation "lab_orders" violates not-null constraint
[2026-03-25T21:50:43.573Z] [ERROR] [phase2/lab-orders] Lab order b10e31c9-d368-4d84-939a-a89467137ef6: null value in column "order_diagnosis" of relation "lab_orders" violates not-null constraint
[2026-03-25T21:50:43.573Z] [ERROR] [phase2/lab-orders] Lab order b2bc2c96-e38d-4313-b836-fb946be1a31e: null value in column "order_diagnosis" of relation "lab_orders" violates not-null constraint
[2026-03-25T21:50:43.574Z] [ERROR] [phase2/lab-orders] Lab order 062fd506-485a-408a-a4b0-6040a20b0661: null value in column "order_diagnosis" of relation "lab_orders" violates not-null constraint
[2026-03-25T21:50:43.575Z] [ERROR] [phase2/lab-orders] Lab order 1fdd4784-6632-4501-9b72-0d5e65d9c36e: null value in column "order_diagnosis" of relation "lab_orders" violates not-null constraint
[2026-03-25T21:50:43.576Z] [ERROR] [phase2/lab-orders] Lab order dddbea16-713e-4081-837b-c7a81c997d6a: null value in column "order_diagnosis" of relation "lab_orders" violates not-null constraint
[2026-03-25T21:50:43.577Z] [ERROR] [phase2/lab-orders] Lab order 3353268d-14c8-4273-88bb-43198ed96778: null value in column "tests" of relation "lab_orders" violates not-null constraint
[2026-03-25T21:50:43.578Z] [ERROR] [phase2/lab-orders] Lab order 145d8d87-56cd-4bbc-9c33-973c4f352ddb: null value in column "order_diagnosis" of relation "lab_orders" violates not-null constraint
[2026-03-25T21:50:43.578Z] [ERROR] [phase2/lab-orders] Lab order f72b3259-c9fb-43d5-86f1-27441cc3a155: null value in column "order_diagnosis" of relation "lab_orders" violates not-null constraint
[2026-03-25T21:50:43.579Z] [ERROR] [phase2/lab-orders] Lab order 702b431a-14a4-4eee-988d-4ad691cb5a4d: null value in column "order_diagnosis" of relation "lab_orders" violates not-null constraint
[2026-03-25T21:50:43.580Z] [ERROR] [phase2/lab-orders] Lab order d9d4a5ee-d1af-43e1-86b4-fb321f3ae6be: null value in column "order_diagnosis" of relation "lab_orders" violates not-null constraint
[2026-03-25T21:50:43.581Z] [ERROR] [phase2/lab-orders] Lab order b9196acc-9312-4cf9-86f3-a4af47770c33: null value in column "order_diagnosis" of relation "lab_orders" violates not-null constraint
[2026-03-25T21:50:43.582Z] [ERROR] [phase2/lab-orders] Lab order fd987104-445f-4d2e-8701-6560c50e7a26: null value in column "order_diagnosis" of relation "lab_orders" violates not-null constraint
[2026-03-25T21:50:43.583Z] [ERROR] [phase2/lab-orders] Lab order 01b07eac-4ca2-43e5-893b-d9a5d2206244: null value in column "order_diagnosis" of relation "lab_orders" violates not-null constraint
[2026-03-25T21:50:43.583Z] [ERROR] [phase2/lab-orders] Lab order 44c637e3-d74c-4a5d-a5e2-a2248c637c98: null value in column "order_diagnosis" of relation "lab_orders" violates not-null constraint
[2026-03-25T21:50:43.584Z] [ERROR] [phase2/lab-orders] Lab order ed7a9fc6-81ac-449a-a7b0-45fd95cb7577: null value in column "order_diagnosis" of relation "lab_orders" violates not-null constraint
[2026-03-25T21:50:43.585Z] [ERROR] [phase2/lab-orders] Lab order 279e27ed-d59e-4749-aeb6-7c1e5f1ad347: null value in column "order_diagnosis" of relation "lab_orders" violates not-null constraint
[2026-03-25T21:50:43.586Z] [ERROR] [phase2/lab-orders] Lab order 358c0d15-14c3-4417-ae60-b4903934d4e0: null value in column "order_diagnosis" of relation "lab_orders" violates not-null constraint
[2026-03-25T21:50:43.587Z] [ERROR] [phase2/lab-orders] Lab order 90ac7580-5cc5-4a39-9642-28fd9a42dabd: null value in column "order_diagnosis" of relation "lab_orders" violates not-null constraint
[2026-03-25T21:50:43.588Z] [ERROR] [phase2/lab-orders] Lab order efb5c81e-4ad3-4d6c-9de2-f873204ab5e5: null value in column "order_diagnosis" of relation "lab_orders" violates not-null constraint
[2026-03-25T21:50:43.589Z] [ERROR] [phase2/lab-orders] Lab order 237d605c-6ba6-4cf2-b11b-7da6039c0ab1: null value in column "order_diagnosis" of relation "lab_orders" violates not-null constraint
[2026-03-25T21:50:43.589Z] [ERROR] [phase2/lab-orders] Lab order 33f1736e-a963-449e-a528-eb9ce714dde1: null value in column "order_diagnosis" of relation "lab_orders" violates not-null constraint
[2026-03-25T21:50:43.590Z] [ERROR] [phase2/lab-orders] Lab order 644a339f-c24e-4e08-9180-901e479834c9: null value in column "order_diagnosis" of relation "lab_orders" violates not-null constraint
[2026-03-25T21:50:43.591Z] [ERROR] [phase2/lab-orders] Lab order 1d931d70-b55b-4c6e-8281-56115b53752b: null value in column "order_diagnosis" of relation "lab_orders" violates not-null constraint
[2026-03-25T21:50:43.592Z] [ERROR] [phase2/lab-orders] Lab order 84bf329d-ff3b-4d26-98ae-7797d655f3be: null value in column "order_diagnosis" of relation "lab_orders" violates not-null constraint
[2026-03-25T21:50:43.593Z] [ERROR] [phase2/lab-orders] Lab order 33143277-d6c5-4535-9971-75ea81224394: null value in column "order_diagnosis" of relation "lab_orders" violates not-null constraint
[2026-03-25T21:50:43.593Z] [ERROR] [phase2/lab-orders] Lab order 94da4a85-5b28-475a-af4f-e38916f9161b: null value in column "order_diagnosis" of relation "lab_orders" violates not-null constraint
[2026-03-25T21:50:43.594Z] [ERROR] [phase2/lab-orders] Lab order 1e001b7c-d098-47b9-a5c1-c609ee126c77: null value in column "order_diagnosis" of relation "lab_orders" violates not-null constraint
[2026-03-25T21:50:43.595Z] [ERROR] [phase2/lab-orders] Lab order 5b8b6e1b-b793-47e8-a184-0cfdfc5da89c: null value in column "order_diagnosis" of relation "lab_orders" violates not-null constraint
[2026-03-25T21:50:43.596Z] [ERROR] [phase2/lab-orders] Lab order f0719cb4-7f90-4620-b59a-8601d426ff7b: null value in column "order_diagnosis" of relation "lab_orders" violates not-null constraint
[2026-03-25T21:50:43.597Z] [ERROR] [phase2/lab-orders] Lab order 1a348f3b-7900-47d2-9da8-316f75685e19: null value in column "order_diagnosis" of relation "lab_orders" violates not-null constraint
[2026-03-25T21:50:43.598Z] [ERROR] [phase2/lab-orders] Lab order 76f8026d-b0e0-4037-b6dc-b076f1942276: null value in column "order_diagnosis" of relation "lab_orders" violates not-null constraint
[2026-03-25T21:50:43.599Z] [ERROR] [phase2/lab-orders] Lab order d8549d96-fbcf-41e6-ad85-ab538501c166: null value in column "order_diagnosis" of relation "lab_orders" violates not-null constraint
[2026-03-25T21:50:43.599Z] [ERROR] [phase2/lab-orders] Lab order 883c3e20-7903-448d-83cb-f72c9581ea67: null value in column "order_diagnosis" of relation "lab_orders" violates not-null constraint
[2026-03-25T21:50:43.600Z] [ERROR] [phase2/lab-orders] Lab order 22ad7454-45cc-4cde-999e-cac2ea6bb29e: null value in column "order_diagnosis" of relation "lab_orders" violates not-null constraint
[2026-03-25T21:50:43.601Z] [ERROR] [phase2/lab-orders] Lab order fce14b03-bb62-4915-b0db-b3b9749afbfd: null value in column "order_diagnosis" of relation "lab_orders" violates not-null constraint
[2026-03-25T21:50:43.602Z] [ERROR] [phase2/lab-orders] Lab order fe89d3be-8bc5-437e-9ee6-a6b03092b9b4: null value in column "order_diagnosis" of relation "lab_orders" violates not-null constraint
[2026-03-25T21:50:43.603Z] [ERROR] [phase2/lab-orders] Lab order ace6b45a-5bfa-4fa7-870b-cc22a4fe2452: null value in column "order_diagnosis" of relation "lab_orders" violates not-null constraint
[2026-03-25T21:50:43.604Z] [ERROR] [phase2/lab-orders] Lab order 9e7f5f5b-d899-48b7-b710-9c91b01f71dd: null value in column "order_diagnosis" of relation "lab_orders" violates not-null constraint
[2026-03-25T21:50:43.605Z] [ERROR] [phase2/lab-orders] Lab order 9876cae3-4458-405c-8a1e-f18f7f324317: null value in column "order_diagnosis" of relation "lab_orders" violates not-null constraint
[2026-03-25T21:50:43.605Z] [ERROR] [phase2/lab-orders] Lab order a986b68d-541d-4c6a-8fda-2c52d7486255: null value in column "order_diagnosis" of relation "lab_orders" violates not-null constraint
[2026-03-25T21:50:43.606Z] [ERROR] [phase2/lab-orders] Lab order e9454fc6-bb34-4a25-9df4-12d0a2f00ce8: null value in column "order_diagnosis" of relation "lab_orders" violates not-null constraint
[2026-03-25T21:50:43.607Z] [ERROR] [phase2/lab-orders] Lab order a6560432-e576-4ca2-88c1-61ae5b54c836: null value in column "order_diagnosis" of relation "lab_orders" violates not-null constraint
[2026-03-25T21:50:43.608Z] [ERROR] [phase2/lab-orders] Lab order cdb97eb1-7ee5-44c8-a965-5d0a319efeef: null value in column "order_diagnosis" of relation "lab_orders" violates not-null constraint
[2026-03-25T21:50:43.609Z] [ERROR] [phase2/lab-orders] Lab order c9465e40-87e8-45a6-9c93-5e24e2236476: null value in column "order_diagnosis" of relation "lab_orders" violates not-null constraint
[2026-03-25T21:50:43.610Z] [ERROR] [phase2/lab-orders] Lab order 883eee35-5e04-4a51-979e-e653d1347097: null value in column "order_diagnosis" of relation "lab_orders" violates not-null constraint
[2026-03-25T21:50:43.611Z] [ERROR] [phase2/lab-orders] Lab order 11d40706-0aaa-42c4-bd6e-b034400fac49: null value in column "order_diagnosis" of relation "lab_orders" violates not-null constraint
[2026-03-25T21:50:43.611Z] [ERROR] [phase2/lab-orders] Lab order 9f007786-e2b4-49da-a852-44300ec6cdce: null value in column "order_diagnosis" of relation "lab_orders" violates not-null constraint
[2026-03-25T21:50:43.612Z] [ERROR] [phase2/lab-orders] Lab order ce8976dd-dd96-4309-8dbb-cb0ad6cf800d: null value in column "tests" of relation "lab_orders" violates not-null constraint
[2026-03-25T21:50:43.613Z] [ERROR] [phase2/lab-orders] Lab order 41f374cb-05de-44c1-ada6-17fa361cf516: null value in column "order_diagnosis" of relation "lab_orders" violates not-null constraint
[2026-03-25T21:50:43.614Z] [ERROR] [phase2/lab-orders] Lab order fded9138-0305-4d4c-a006-e6d1af3e7645: null value in column "order_diagnosis" of relation "lab_orders" violates not-null constraint
[2026-03-25T21:50:43.615Z] [ERROR] [phase2/lab-orders] Lab order 05f423c6-d862-454d-a718-00fc5352c38d: null value in column "order_diagnosis" of relation "lab_orders" violates not-null constraint
[2026-03-25T21:50:43.616Z] [ERROR] [phase2/lab-orders] Lab order ad33dae1-0e3c-4135-890b-738224efeeac: null value in column "order_diagnosis" of relation "lab_orders" violates not-null constraint
[2026-03-25T21:50:43.617Z] [ERROR] [phase2/lab-orders] Lab order 44432601-c4f3-4939-a95f-aec27200dadd: null value in column "tests" of relation "lab_orders" violates not-null constraint
[2026-03-25T21:50:43.618Z] [ERROR] [phase2/lab-orders] Lab order 3e86095b-58a0-4d61-8e45-6868a6b03d7a: null value in column "order_diagnosis" of relation "lab_orders" violates not-null constraint
[2026-03-25T21:50:43.618Z] [ERROR] [phase2/lab-orders] Lab order 8718acf5-314c-4f8a-8796-86abfafa0c21: null value in column "order_diagnosis" of relation "lab_orders" violates not-null constraint
[2026-03-25T21:50:43.619Z] [ERROR] [phase2/lab-orders] Lab order ff7c846f-31c3-450f-b692-9f04515f6bd1: null value in column "order_diagnosis" of relation "lab_orders" violates not-null constraint
[2026-03-25T21:50:43.620Z] [ERROR] [phase2/lab-orders] Lab order 485821d4-55c3-4fa0-aa70-2bf6e50477cc: null value in column "order_diagnosis" of relation "lab_orders" violates not-null constraint
[2026-03-25T21:50:43.621Z] [ERROR] [phase2/lab-orders] Lab order b4c3791f-fd7f-4668-8933-54fdd494f5b9: null value in column "tests" of relation "lab_orders" violates not-null constraint
[2026-03-25T21:50:43.622Z] [ERROR] [phase2/lab-orders] Lab order a0107134-4d23-4b26-be6c-e0528ca12fda: null value in column "order_diagnosis" of relation "lab_orders" violates not-null constraint
[2026-03-25T21:50:43.623Z] [ERROR] [phase2/lab-orders] Lab order 2e6ffdd5-d1ba-4cef-bc0c-848cd95c722f: null value in column "order_diagnosis" of relation "lab_orders" violates not-null constraint
[2026-03-25T21:50:43.623Z] [ERROR] [phase2/lab-orders] Lab order 2a9be6a6-ba4f-4c39-8df9-ac8b352eeda9: null value in column "order_diagnosis" of relation "lab_orders" violates not-null constraint
[2026-03-25T21:50:43.624Z] [ERROR] [phase2/lab-orders] Lab order 8f734be1-de52-4127-973e-9c6b8438de05: null value in column "order_diagnosis" of relation "lab_orders" violates not-null constraint
[2026-03-25T21:50:43.625Z] [ERROR] [phase2/lab-orders] Lab order 74d0b0a1-707d-4993-a71e-ad3fc97f3344: null value in column "order_diagnosis" of relation "lab_orders" violates not-null constraint
[2026-03-25T21:50:43.626Z] [ERROR] [phase2/lab-orders] Lab order a820a0b6-23fe-4b06-8d6a-46f8a4da3236: null value in column "order_diagnosis" of relation "lab_orders" violates not-null constraint
[2026-03-25T21:50:43.627Z] [ERROR] [phase2/lab-orders] Lab order e236e63e-f8a1-44b9-a81e-908017763311: null value in column "order_diagnosis" of relation "lab_orders" violates not-null constraint
[2026-03-25T21:50:43.627Z] [ERROR] [phase2/lab-orders] Lab order ee71f50f-a9b8-4b68-9c35-4c9b7688f30c: null value in column "order_diagnosis" of relation "lab_orders" violates not-null constraint
[2026-03-25T21:50:43.628Z] [ERROR] [phase2/lab-orders] Lab order 5c9f797c-ca52-4d17-b049-5346e781626a: null value in column "order_diagnosis" of relation "lab_orders" violates not-null constraint
[2026-03-25T21:50:43.629Z] [ERROR] [phase2/lab-orders] Lab order 84a4e2e4-ea99-4569-b8d4-9a1e7469a4e4: null value in column "order_diagnosis" of relation "lab_orders" violates not-null constraint
[2026-03-25T21:50:43.630Z] [ERROR] [phase2/lab-orders] Lab order d16c7bfe-ced9-4ee2-b94d-75551b1a57b9: null value in column "order_diagnosis" of relation "lab_orders" violates not-null constraint
[2026-03-25T21:50:43.631Z] [ERROR] [phase2/lab-orders] Lab order 582bbd6b-d2df-439d-94c9-22fd131820a8: null value in column "order_diagnosis" of relation "lab_orders" violates not-null constraint
[2026-03-25T21:50:43.631Z] [ERROR] [phase2/lab-orders] Lab order 704a91fe-a944-4651-aa15-f1ad5868fa4a: null value in column "order_diagnosis" of relation "lab_orders" violates not-null constraint
[2026-03-25T21:50:43.632Z] [ERROR] [phase2/lab-orders] Lab order fd60f5f0-1df1-4b50-b6cd-0063424e6482: null value in column "order_diagnosis" of relation "lab_orders" violates not-null constraint
[2026-03-25T21:50:43.633Z] [ERROR] [phase2/lab-orders] Lab order 4662b068-e6e3-4d5b-97ba-d1d0c7396361: null value in column "order_diagnosis" of relation "lab_orders" violates not-null constraint
[2026-03-25T21:50:43.634Z] [ERROR] [phase2/lab-orders] Lab order 6c1a63c5-76e8-4778-bebf-51052478557b: null value in column "order_diagnosis" of relation "lab_orders" violates not-null constraint
[2026-03-25T21:50:43.634Z] [ERROR] [phase2/lab-orders] Lab order a58cb032-7592-4f3c-9bf5-e942c5556db5: null value in column "order_diagnosis" of relation "lab_orders" violates not-null constraint
[2026-03-25T21:50:43.635Z] [ERROR] [phase2/lab-orders] Lab order 6fe4d06d-069c-46b7-8002-89ba771ffcbf: null value in column "order_diagnosis" of relation "lab_orders" violates not-null constraint
[2026-03-25T21:50:43.636Z] [ERROR] [phase2/lab-orders] Lab order 993e87ad-740e-48f6-a971-1ab3b949533b: null value in column "order_diagnosis" of relation "lab_orders" violates not-null constraint
[2026-03-25T21:50:43.637Z] [ERROR] [phase2/lab-orders] Lab order b5ca9350-60fe-4525-8d01-4c218ac5028f: null value in column "order_diagnosis" of relation "lab_orders" violates not-null constraint
[2026-03-25T21:50:43.637Z] [ERROR] [phase2/lab-orders] Lab order 4850a528-2a69-45f5-bea4-21288aa2a098: null value in column "order_diagnosis" of relation "lab_orders" violates not-null constraint
[2026-03-25T21:50:43.638Z] [ERROR] [phase2/lab-orders] Lab order 8377001b-4baa-46a8-a17b-cc601b102919: null value in column "order_diagnosis" of relation "lab_orders" violates not-null constraint
[2026-03-25T21:50:43.639Z] [ERROR] [phase2/lab-orders] Lab order 79d668aa-7418-4117-97d1-8afd83a4ee18: null value in column "order_diagnosis" of relation "lab_orders" violates not-null constraint
[2026-03-25T21:50:43.640Z] [ERROR] [phase2/lab-orders] Lab order 2dd5eb4b-e82f-461d-9eb6-aa2ba10f612e: null value in column "order_diagnosis" of relation "lab_orders" violates not-null constraint
[2026-03-25T21:50:43.640Z] [ERROR] [phase2/lab-orders] Lab order ca64e797-a84b-452c-90a0-25bc5ee0868f: null value in column "order_diagnosis" of relation "lab_orders" violates not-null constraint
[2026-03-25T21:50:43.641Z] [ERROR] [phase2/lab-orders] Lab order 9b8b38ea-d6d9-48cf-9aac-da97725d291f: null value in column "order_diagnosis" of relation "lab_orders" violates not-null constraint
[2026-03-25T21:50:43.642Z] [ERROR] [phase2/lab-orders] Lab order 3eef350c-a58a-4711-b276-7f92425a2997: null value in column "order_diagnosis" of relation "lab_orders" violates not-null constraint
[2026-03-25T21:50:43.643Z] [ERROR] [phase2/lab-orders] Lab order 0b2f2c85-258e-4753-bf84-ede75bdb9a03: null value in column "order_diagnosis" of relation "lab_orders" violates not-null constraint
[2026-03-25T21:50:43.644Z] [ERROR] [phase2/lab-orders] Lab order 24cb83dc-5010-454b-8883-b2d7616514a7: null value in column "order_diagnosis" of relation "lab_orders" violates not-null constraint
[2026-03-25T21:50:43.645Z] [ERROR] [phase2/lab-orders] Lab order e986856c-ebd2-4870-b018-2601627766fc: null value in column "order_diagnosis" of relation "lab_orders" violates not-null constraint
[2026-03-25T21:50:43.645Z] [ERROR] [phase2/lab-orders] Lab order 19cab1f3-3146-4f0a-a50f-b11c2cec5d40: null value in column "order_diagnosis" of relation "lab_orders" violates not-null constraint
[2026-03-25T21:50:43.646Z] [ERROR] [phase2/lab-orders] Lab order 8d10cb6f-8974-4ff0-b22c-d390ce5fb1e9: null value in column "order_diagnosis" of relation "lab_orders" violates not-null constraint
[2026-03-25T21:50:43.647Z] [ERROR] [phase2/lab-orders] Lab order bd4173ff-83f8-47c3-9fd8-7ee5a666294b: null value in column "order_diagnosis" of relation "lab_orders" violates not-null constraint
[2026-03-25T21:50:43.648Z] [ERROR] [phase2/lab-orders] Lab order 898acc10-c794-408a-abba-f84d0c6af6c9: null value in column "order_diagnosis" of relation "lab_orders" violates not-null constraint
[2026-03-25T21:50:43.649Z] [ERROR] [phase2/lab-orders] Lab order 3ea48ef4-4d6f-417b-850e-f3905d681d58: null value in column "order_diagnosis" of relation "lab_orders" violates not-null constraint
[2026-03-25T21:50:43.649Z] [ERROR] [phase2/lab-orders] Lab order bf533226-76be-4a7e-9e68-096885eed272: null value in column "order_diagnosis" of relation "lab_orders" violates not-null constraint
[2026-03-25T21:50:43.650Z] [ERROR] [phase2/lab-orders] Lab order 4e0245a6-698f-4a17-98df-647c1a4adad0: null value in column "order_diagnosis" of relation "lab_orders" violates not-null constraint
[2026-03-25T21:50:43.651Z] [ERROR] [phase2/lab-orders] Lab order 9d68779c-f683-43ce-8728-954195f56d78: null value in column "order_diagnosis" of relation "lab_orders" violates not-null constraint
[2026-03-25T21:50:43.652Z] [ERROR] [phase2/lab-orders] Lab order 6e8563c7-ecb2-4dee-8912-0767cb51381d: null value in column "order_diagnosis" of relation "lab_orders" violates not-null constraint
[2026-03-25T21:50:43.652Z] [ERROR] [phase2/lab-orders] Lab order 07a0942a-e048-46d1-9088-e0a2133e25f5: null value in column "order_diagnosis" of relation "lab_orders" violates not-null constraint
[2026-03-25T21:50:43.653Z] [ERROR] [phase2/lab-orders] Lab order 30b0decd-20b5-461d-987d-9e7d21f92fe2: null value in column "order_diagnosis" of relation "lab_orders" violates not-null constraint
[2026-03-25T21:50:43.654Z] [ERROR] [phase2/lab-orders] Lab order 45ebb16c-d17b-4aa7-a0aa-f3ddc503a3d7: null value in column "order_diagnosis" of relation "lab_orders" violates not-null constraint
[2026-03-25T21:50:43.655Z] [ERROR] [phase2/lab-orders] Lab order a6f6e1a4-45fc-4067-bcbd-987f75c41b79: null value in column "order_diagnosis" of relation "lab_orders" violates not-null constraint
[2026-03-25T21:50:43.656Z] [ERROR] [phase2/lab-orders] Lab order b6b7c3df-0d70-4fef-bca8-2be45ef9bb29: null value in column "order_diagnosis" of relation "lab_orders" violates not-null constraint
[2026-03-25T21:50:43.656Z] [ERROR] [phase2/lab-orders] Lab order 31667454-aa57-41f9-a6d3-4c64004794b2: null value in column "order_diagnosis" of relation "lab_orders" violates not-null constraint
[2026-03-25T21:50:43.657Z] [ERROR] [phase2/lab-orders] Lab order 3f71e4ee-84f9-409a-a7e7-9fa4b5c46c79: null value in column "order_diagnosis" of relation "lab_orders" violates not-null constraint
[2026-03-25T21:50:43.658Z] [ERROR] [phase2/lab-orders] Lab order 25972023-ce62-4c7a-943f-ae07df780a09: null value in column "order_diagnosis" of relation "lab_orders" violates not-null constraint
[2026-03-25T21:50:43.659Z] [ERROR] [phase2/lab-orders] Lab order d8e7f53a-6741-4aac-99e4-6483d2acc144: null value in column "order_diagnosis" of relation "lab_orders" violates not-null constraint
[2026-03-25T21:50:43.660Z] [ERROR] [phase2/lab-orders] Lab order 9b2b650c-a5a2-45b1-aee5-f0175bcee492: null value in column "tests" of relation "lab_orders" violates not-null constraint
[2026-03-25T21:50:43.660Z] [ERROR] [phase2/lab-orders] Lab order 3d3c0bdf-86b7-4ce1-a49f-9c20bfd562e5: null value in column "order_diagnosis" of relation "lab_orders" violates not-null constraint
[2026-03-25T21:50:43.661Z] [ERROR] [phase2/lab-orders] Lab order c195469d-b948-4eb7-9e95-b0cf044c15f9: null value in column "order_diagnosis" of relation "lab_orders" violates not-null constraint
[2026-03-25T21:50:43.662Z] [ERROR] [phase2/lab-orders] Lab order ab065ff5-665c-47c3-931f-2acb88b4c467: null value in column "order_diagnosis" of relation "lab_orders" violates not-null constraint
[2026-03-25T21:50:43.662Z] [ERROR] [phase2/lab-orders] Lab order cf0c28d4-691a-475b-a25b-7701284ee6ea: null value in column "order_diagnosis" of relation "lab_orders" violates not-null constraint
[2026-03-25T21:50:43.663Z] [ERROR] [phase2/lab-orders] Lab order fae908af-b824-43bf-b406-910c96ade0a1: null value in column "order_diagnosis" of relation "lab_orders" violates not-null constraint
[2026-03-25T21:50:43.664Z] [ERROR] [phase2/lab-orders] Lab order 56ef5339-336a-4231-9020-39f897e69d8c: null value in column "order_diagnosis" of relation "lab_orders" violates not-null constraint
[2026-03-25T21:50:43.665Z] [ERROR] [phase2/lab-orders] Lab order 2e38e852-a03a-4a39-8f50-7e3d973f11d2: null value in column "order_diagnosis" of relation "lab_orders" violates not-null constraint
[2026-03-25T21:50:43.666Z] [ERROR] [phase2/lab-orders] Lab order bcdf6256-df93-4cbf-87c5-f67c3cce6951: null value in column "order_diagnosis" of relation "lab_orders" violates not-null constraint
[2026-03-25T21:50:43.666Z] [ERROR] [phase2/lab-orders] Lab order 9b0ab119-8f0a-472c-bc11-c6eb0eb584bd: null value in column "order_diagnosis" of relation "lab_orders" violates not-null constraint
[2026-03-25T21:50:43.667Z] [ERROR] [phase2/lab-orders] Lab order 9fe6c798-ef68-4943-a612-1d3dd7732d86: null value in column "order_diagnosis" of relation "lab_orders" violates not-null constraint
[2026-03-25T21:50:43.668Z] [ERROR] [phase2/lab-orders] Lab order c4e0241d-e0eb-404e-b2c0-7af0eacc5670: null value in column "order_diagnosis" of relation "lab_orders" violates not-null constraint
[2026-03-25T21:50:43.669Z] [ERROR] [phase2/lab-orders] Lab order 6d29dd44-13eb-4dea-9f74-5f26aaf46bf9: null value in column "order_diagnosis" of relation "lab_orders" violates not-null constraint
[2026-03-25T21:50:43.669Z] [ERROR] [phase2/lab-orders] Lab order a21a58fc-5c9f-4f8d-b6ec-12e772545fd2: null value in column "order_diagnosis" of relation "lab_orders" violates not-null constraint
[2026-03-25T21:50:43.670Z] [ERROR] [phase2/lab-orders] Lab order 03ec166b-f95c-451c-a893-7a447a4f0603: null value in column "order_diagnosis" of relation "lab_orders" violates not-null constraint
[2026-03-25T21:50:43.671Z] [ERROR] [phase2/lab-orders] Lab order 468528cf-1659-4194-8ac0-e012eff8d0af: null value in column "order_diagnosis" of relation "lab_orders" violates not-null constraint
[2026-03-25T21:50:43.671Z] [ERROR] [phase2/lab-orders] Lab order ad63fee8-c6c6-4024-b350-b85dc49acb7c: null value in column "order_diagnosis" of relation "lab_orders" violates not-null constraint
[2026-03-25T21:50:43.672Z] [ERROR] [phase2/lab-orders] Lab order abe7f364-c8ed-4a71-9448-0adf20fd02a5: null value in column "order_diagnosis" of relation "lab_orders" violates not-null constraint
[2026-03-25T21:50:43.673Z] [ERROR] [phase2/lab-orders] Lab order 4af8a8ce-d4b6-4a39-b9da-7a776854e69e: null value in column "order_diagnosis" of relation "lab_orders" violates not-null constraint
[2026-03-25T21:50:43.673Z] [ERROR] [phase2/lab-orders] Lab order 8c469a91-8383-489f-9f43-5a50fdb02840: null value in column "order_diagnosis" of relation "lab_orders" violates not-null constraint
[2026-03-25T21:50:43.674Z] [ERROR] [phase2/lab-orders] Lab order 72be6fe1-1302-4a86-a62c-c9eb54e1f2be: null value in column "order_diagnosis" of relation "lab_orders" violates not-null constraint
[2026-03-25T21:50:43.675Z] [ERROR] [phase2/lab-orders] Lab order ede4295b-6ffc-4c71-a16c-e6dc1b752ca4: null value in column "order_diagnosis" of relation "lab_orders" violates not-null constraint
[2026-03-25T21:50:43.676Z] [ERROR] [phase2/lab-orders] Lab order 86833fee-dba4-4c48-a777-db9566ddf826: null value in column "order_diagnosis" of relation "lab_orders" violates not-null constraint
[2026-03-25T21:50:43.677Z] [ERROR] [phase2/lab-orders] Lab order daedf7f1-c5ea-45a3-826a-970281978171: null value in column "order_diagnosis" of relation "lab_orders" violates not-null constraint
[2026-03-25T21:50:43.677Z] [ERROR] [phase2/lab-orders] Lab order 6d4d1619-4240-4a15-9afc-81270d82efe5: null value in column "order_diagnosis" of relation "lab_orders" violates not-null constraint
[2026-03-25T21:50:43.678Z] [ERROR] [phase2/lab-orders] Lab order f8df1db8-e9fc-47a5-9209-3c9846609594: null value in column "order_diagnosis" of relation "lab_orders" violates not-null constraint
[2026-03-25T21:50:43.679Z] [ERROR] [phase2/lab-orders] Lab order 83a02ceb-e7c9-44a9-8afb-d86469ad2f20: null value in column "order_diagnosis" of relation "lab_orders" violates not-null constraint
[2026-03-25T21:50:43.680Z] [ERROR] [phase2/lab-orders] Lab order ccdd9f87-e255-4edf-8a99-603f6c381aae: null value in column "order_diagnosis" of relation "lab_orders" violates not-null constraint
[2026-03-25T21:50:43.681Z] [ERROR] [phase2/lab-orders] Lab order 795fc69b-667f-4151-a32f-c9756a5bfc39: null value in column "order_diagnosis" of relation "lab_orders" violates not-null constraint
[2026-03-25T21:50:43.681Z] [ERROR] [phase2/lab-orders] Lab order 16f2de5c-8983-45d6-a9d6-f5e62a5ed041: null value in column "order_diagnosis" of relation "lab_orders" violates not-null constraint
[2026-03-25T21:50:43.682Z] [ERROR] [phase2/lab-orders] Lab order 2504c59e-cd2e-4767-9ba8-86d0a5da0437: null value in column "order_diagnosis" of relation "lab_orders" violates not-null constraint
[2026-03-25T21:50:43.683Z] [ERROR] [phase2/lab-orders] Lab order a6f86a8b-7f24-4a78-a024-61aaf444cbf7: null value in column "order_diagnosis" of relation "lab_orders" violates not-null constraint
[2026-03-25T21:50:43.684Z] [ERROR] [phase2/lab-orders] Lab order 233392b3-642c-4c2a-98d1-6bcd45cee281: null value in column "order_diagnosis" of relation "lab_orders" violates not-null constraint
[2026-03-25T21:50:43.684Z] [ERROR] [phase2/lab-orders] Lab order 7174b47a-5694-4aad-b471-6ca1e18fe19d: null value in column "order_diagnosis" of relation "lab_orders" violates not-null constraint
[2026-03-25T21:50:43.685Z] [ERROR] [phase2/lab-orders] Lab order 0b06aa57-1d42-4df2-be52-43239589c99b: null value in column "order_diagnosis" of relation "lab_orders" violates not-null constraint
[2026-03-25T21:50:43.686Z] [ERROR] [phase2/lab-orders] Lab order 14b9ec00-d877-4c99-90c9-a4ee8804219c: null value in column "order_diagnosis" of relation "lab_orders" violates not-null constraint
[2026-03-25T21:50:43.686Z] [ERROR] [phase2/lab-orders] Lab order 44caeed6-8d3e-4819-a8bc-cd9ab12a3414: null value in column "order_diagnosis" of relation "lab_orders" violates not-null constraint
[2026-03-25T21:50:43.687Z] [ERROR] [phase2/lab-orders] Lab order 49b8d470-d770-4508-a816-59cc9057d6c5: null value in column "order_diagnosis" of relation "lab_orders" violates not-null constraint
[2026-03-25T21:50:43.690Z] [ERROR] [phase2/lab-orders] Lab order 6464907b-4009-4bbb-8f07-6c46e83ba609: null value in column "order_diagnosis" of relation "lab_orders" violates not-null constraint
[2026-03-25T21:50:43.691Z] [ERROR] [phase2/lab-orders] Lab order 357232eb-a1f0-4cf6-85b6-deb6a9409f62: null value in column "order_diagnosis" of relation "lab_orders" violates not-null constraint
[2026-03-25T21:50:43.692Z] [ERROR] [phase2/lab-orders] Lab order cebe595d-d88d-4e79-928f-94960f4d18e9: null value in column "order_diagnosis" of relation "lab_orders" violates not-null constraint
[2026-03-25T21:50:43.693Z] [ERROR] [phase2/lab-orders] Lab order 3d702b20-f01f-410f-9e64-86f32e816f3e: null value in column "order_diagnosis" of relation "lab_orders" violates not-null constraint
[2026-03-25T21:50:43.693Z] [ERROR] [phase2/lab-orders] Lab order 9149e7fc-20b4-4add-a8df-06a379583d76: null value in column "order_diagnosis" of relation "lab_orders" violates not-null constraint
[2026-03-25T21:50:43.694Z] [ERROR] [phase2/lab-orders] Lab order 72943cd1-8f05-489e-9b1f-75dbc3e47a4c: null value in column "order_diagnosis" of relation "lab_orders" violates not-null constraint
[2026-03-25T21:50:43.695Z] [ERROR] [phase2/lab-orders] Lab order d3062342-064d-4347-94d4-1a15f9edd0b7: null value in column "order_diagnosis" of relation "lab_orders" violates not-null constraint
[2026-03-25T21:50:43.696Z] [ERROR] [phase2/lab-orders] Lab order 173930e3-e027-4fde-b2a5-e55493eb820f: null value in column "order_diagnosis" of relation "lab_orders" violates not-null constraint
[2026-03-25T21:50:43.696Z] [ERROR] [phase2/lab-orders] Lab order 488af47d-bb8d-4e18-a031-8be6e19098c1: null value in column "order_diagnosis" of relation "lab_orders" violates not-null constraint
[2026-03-25T21:50:43.697Z] [ERROR] [phase2/lab-orders] Lab order bef057ad-5807-4449-aade-fea6858c54c9: null value in column "order_diagnosis" of relation "lab_orders" violates not-null constraint
[2026-03-25T21:50:43.698Z] [ERROR] [phase2/lab-orders] Lab order 248a4361-0163-433a-bbdf-c4f734e203c7: null value in column "order_diagnosis" of relation "lab_orders" violates not-null constraint
[2026-03-25T21:50:43.699Z] [ERROR] [phase2/lab-orders] Lab order 74f6fec0-cfb5-4872-b20e-89d909c724fc: null value in column "order_diagnosis" of relation "lab_orders" violates not-null constraint
[2026-03-25T21:50:43.699Z] [ERROR] [phase2/lab-orders] Lab order 05c6458c-78d0-40f6-a222-6dc7f277dd72: null value in column "order_diagnosis" of relation "lab_orders" violates not-null constraint
[2026-03-25T21:50:43.700Z] [ERROR] [phase2/lab-orders] Lab order e50e26f1-e924-4506-bc41-5f9adaef8aa0: null value in column "tests" of relation "lab_orders" violates not-null constraint
[2026-03-25T21:50:43.701Z] [ERROR] [phase2/lab-orders] Lab order 8f0927a7-733c-4a5c-8e89-136eda622b83: null value in column "order_diagnosis" of relation "lab_orders" violates not-null constraint
[2026-03-25T21:50:43.702Z] [ERROR] [phase2/lab-orders] Lab order 045d330d-e6b3-4bb5-926b-c7ee17636fae: null value in column "order_diagnosis" of relation "lab_orders" violates not-null constraint
[2026-03-25T21:50:43.702Z] [ERROR] [phase2/lab-orders] Lab order 1098ddc1-5471-4778-b1c4-434b1abf2c0f: null value in column "order_diagnosis" of relation "lab_orders" violates not-null constraint
[2026-03-25T21:50:43.703Z] [ERROR] [phase2/lab-orders] Lab order d154d0f7-9ce8-40b1-95f0-261b9f64cf64: null value in column "order_diagnosis" of relation "lab_orders" violates not-null constraint
[2026-03-25T21:50:43.704Z] [ERROR] [phase2/lab-orders] Lab order 9e12a2e9-5edd-4129-9950-69c5a3ffea2c: null value in column "order_diagnosis" of relation "lab_orders" violates not-null constraint
[2026-03-25T21:50:43.705Z] [ERROR] [phase2/lab-orders] Lab order ce88ce94-2d44-4486-8db6-ee5b553fd83f: null value in column "tests" of relation "lab_orders" violates not-null constraint
[2026-03-25T21:50:43.705Z] [ERROR] [phase2/lab-orders] Lab order 799f4f7c-e939-4c34-8053-e1cb54d69347: null value in column "order_diagnosis" of relation "lab_orders" violates not-null constraint
[2026-03-25T21:50:43.706Z] [ERROR] [phase2/lab-orders] Lab order 797513ba-cf5b-411a-b366-6630c4d9b243: null value in column "order_diagnosis" of relation "lab_orders" violates not-null constraint
[2026-03-25T21:50:43.707Z] [ERROR] [phase2/lab-orders] Lab order 508d1f8d-1fae-41a4-aab3-700ead318d57: null value in column "order_diagnosis" of relation "lab_orders" violates not-null constraint
[2026-03-25T21:50:43.708Z] [ERROR] [phase2/lab-orders] Lab order 8ecfe797-aa74-4e27-95d2-a9e1f197f5f3: null value in column "order_diagnosis" of relation "lab_orders" violates not-null constraint
[2026-03-25T21:50:43.709Z] [ERROR] [phase2/lab-orders] Lab order 439ad622-1f21-469a-b93a-80c96ee251a7: null value in column "order_diagnosis" of relation "lab_orders" violates not-null constraint
[2026-03-25T21:50:43.709Z] [ERROR] [phase2/lab-orders] Lab order f189ff34-5dd4-47ba-97fb-6511ebe4083c: null value in column "order_diagnosis" of relation "lab_orders" violates not-null constraint
[2026-03-25T21:50:43.710Z] [ERROR] [phase2/lab-orders] Lab order 37c6c876-e645-41a6-ac32-4d9997bbe3eb: null value in column "order_diagnosis" of relation "lab_orders" violates not-null constraint
[2026-03-25T21:50:43.711Z] [ERROR] [phase2/lab-orders] Lab order 032d4a2a-58d0-4198-bdc5-d1390777d2e7: null value in column "order_diagnosis" of relation "lab_orders" violates not-null constraint
[2026-03-25T21:50:43.712Z] [ERROR] [phase2/lab-orders] Lab order 2dce12f2-a71a-4eea-82b9-ad12e3639b94: null value in column "order_diagnosis" of relation "lab_orders" violates not-null constraint
[2026-03-25T21:50:43.713Z] [ERROR] [phase2/lab-orders] Lab order dd4ac835-0025-4f3d-b775-a5a7b6608815: null value in column "order_diagnosis" of relation "lab_orders" violates not-null constraint
[2026-03-25T21:50:43.713Z] [ERROR] [phase2/lab-orders] Lab order 9c1e6ebe-59cc-4a75-9c51-dedb55f0632a: null value in column "order_diagnosis" of relation "lab_orders" violates not-null constraint
[2026-03-25T21:50:43.714Z] [ERROR] [phase2/lab-orders] Lab order ae3c28ed-7724-48d8-bc6b-897d4f43bfe2: null value in column "order_diagnosis" of relation "lab_orders" violates not-null constraint
[2026-03-25T21:50:43.715Z] [ERROR] [phase2/lab-orders] Lab order 0bd8421a-48eb-4103-b609-991e8c6200fe: null value in column "order_diagnosis" of relation "lab_orders" violates not-null constraint
[2026-03-25T21:50:43.716Z] [ERROR] [phase2/lab-orders] Lab order 24a794ec-b513-43e3-a8d8-d34673ca1ec2: null value in column "order_diagnosis" of relation "lab_orders" violates not-null constraint
[2026-03-25T21:50:43.717Z] [ERROR] [phase2/lab-orders] Lab order 42a9a22d-1282-44ad-b793-60cd15ca1a52: null value in column "order_diagnosis" of relation "lab_orders" violates not-null constraint
[2026-03-25T21:50:43.717Z] [ERROR] [phase2/lab-orders] Lab order d191b210-9d04-48f9-b404-24dfeb4ffed7: null value in column "order_diagnosis" of relation "lab_orders" violates not-null constraint
[2026-03-25T21:50:43.718Z] [ERROR] [phase2/lab-orders] Lab order 82d4c669-139a-4325-91a5-8015af0fe6b3: null value in column "order_diagnosis" of relation "lab_orders" violates not-null constraint
[2026-03-25T21:50:43.719Z] [ERROR] [phase2/lab-orders] Lab order fd9d522a-f452-466e-9e99-5727e293f8ec: null value in column "order_diagnosis" of relation "lab_orders" violates not-null constraint
[2026-03-25T21:50:43.720Z] [ERROR] [phase2/lab-orders] Lab order 90b02de8-06a0-4740-abdc-9883e84d818b: null value in column "order_diagnosis" of relation "lab_orders" violates not-null constraint
[2026-03-25T21:50:43.720Z] [ERROR] [phase2/lab-orders] Lab order 4fcb306f-1c84-41ff-8f4b-77187b8a21db: null value in column "order_diagnosis" of relation "lab_orders" violates not-null constraint
[2026-03-25T21:50:43.721Z] [ERROR] [phase2/lab-orders] Lab order 462c8f5f-d47c-4dcf-9f5a-06826ab8055b: null value in column "order_diagnosis" of relation "lab_orders" violates not-null constraint
[2026-03-25T21:50:43.722Z] [ERROR] [phase2/lab-orders] Lab order b2c4bb94-9eca-47bd-81e8-18291fa8854f: null value in column "order_diagnosis" of relation "lab_orders" violates not-null constraint
[2026-03-25T21:50:43.723Z] [ERROR] [phase2/lab-orders] Lab order a63a7dec-e7e5-4585-891d-c964ad2c0db3: null value in column "order_diagnosis" of relation "lab_orders" violates not-null constraint
[2026-03-25T21:50:43.723Z] [ERROR] [phase2/lab-orders] Lab order a5b3dc00-e3d3-4815-8b4a-4daa76479d30: null value in column "order_diagnosis" of relation "lab_orders" violates not-null constraint
[2026-03-25T21:50:43.724Z] [ERROR] [phase2/lab-orders] Lab order e9fcb86d-7906-4b2a-ac3d-63e2a0e23644: null value in column "order_diagnosis" of relation "lab_orders" violates not-null constraint
[2026-03-25T21:50:43.725Z] [ERROR] [phase2/lab-orders] Lab order cc629788-5eaf-4784-b30a-a83b6424cbb4: null value in column "tests" of relation "lab_orders" violates not-null constraint
[2026-03-25T21:50:43.725Z] [ERROR] [phase2/lab-orders] Lab order 18d4fe51-3a1d-4223-8bca-47409bf7821f: null value in column "order_diagnosis" of relation "lab_orders" violates not-null constraint
[2026-03-25T21:50:43.726Z] [ERROR] [phase2/lab-orders] Lab order 3cc33b5a-89ac-488a-9ef2-ae28857d3b5b: null value in column "order_diagnosis" of relation "lab_orders" violates not-null constraint
[2026-03-25T21:50:43.727Z] [ERROR] [phase2/lab-orders] Lab order 13c35481-74b8-40a9-951b-9eb790c92980: null value in column "order_diagnosis" of relation "lab_orders" violates not-null constraint
[2026-03-25T21:50:43.728Z] [ERROR] [phase2/lab-orders] Lab order 7b89bfca-06d2-41a4-911f-8953e2c91697: null value in column "order_diagnosis" of relation "lab_orders" violates not-null constraint
[2026-03-25T21:50:43.729Z] [ERROR] [phase2/lab-orders] Lab order ab75fe5f-b7ae-4490-b9ce-0c286b5eefee: null value in column "order_diagnosis" of relation "lab_orders" violates not-null constraint
[2026-03-25T21:50:43.729Z] [ERROR] [phase2/lab-orders] Lab order bef204c1-65c2-4960-8485-c5902abeb934: null value in column "order_diagnosis" of relation "lab_orders" violates not-null constraint
[2026-03-25T21:50:43.730Z] [ERROR] [phase2/lab-orders] Lab order 9d4afbbf-d656-43f8-8ec6-1c45e6e99b32: null value in column "order_diagnosis" of relation "lab_orders" violates not-null constraint
[2026-03-25T21:50:43.731Z] [ERROR] [phase2/lab-orders] Lab order 91186855-dfbd-40c0-a6e6-d71cd142d2e7: null value in column "order_diagnosis" of relation "lab_orders" violates not-null constraint
[2026-03-25T21:50:43.732Z] [ERROR] [phase2/lab-orders] Lab order 8b08dac5-fd18-4ac2-a795-a9af73da429b: null value in column "order_diagnosis" of relation "lab_orders" violates not-null constraint
[2026-03-25T21:50:43.732Z] [ERROR] [phase2/lab-orders] Lab order 7c9b3215-f6f2-4b88-b634-b72538c0ceef: null value in column "order_diagnosis" of relation "lab_orders" violates not-null constraint
[2026-03-25T21:50:43.733Z] [ERROR] [phase2/lab-orders] Lab order d3003fff-6522-449a-872b-90495e9e56a1: null value in column "order_diagnosis" of relation "lab_orders" violates not-null constraint
[2026-03-25T21:50:43.734Z] [ERROR] [phase2/lab-orders] Lab order aceb1fd4-0e8e-4889-8a9e-1826859520cd: null value in column "order_diagnosis" of relation "lab_orders" violates not-null constraint
[2026-03-25T21:50:43.735Z] [ERROR] [phase2/lab-orders] Lab order 2c16bc62-9290-44ec-9747-89d7e1f81bf0: null value in column "order_diagnosis" of relation "lab_orders" violates not-null constraint
[2026-03-25T21:50:43.736Z] [ERROR] [phase2/lab-orders] Lab order 6f7bed83-1e46-4f18-aab4-514b2acf7784: null value in column "order_diagnosis" of relation "lab_orders" violates not-null constraint
[2026-03-25T21:50:43.737Z] [ERROR] [phase2/lab-orders] Lab order e405a215-2f16-4c3f-9cba-bac51fde5e2a: null value in column "order_diagnosis" of relation "lab_orders" violates not-null constraint
[2026-03-25T21:50:43.737Z] [ERROR] [phase2/lab-orders] Lab order 287875b8-8306-4524-995f-bfa8c5c6d46e: null value in column "order_diagnosis" of relation "lab_orders" violates not-null constraint
[2026-03-25T21:50:43.738Z] [ERROR] [phase2/lab-orders] Lab order 586cfdf8-14be-4923-a5fe-aceb4384fc1d: null value in column "order_diagnosis" of relation "lab_orders" violates not-null constraint
[2026-03-25T21:50:43.739Z] [ERROR] [phase2/lab-orders] Lab order 6b172796-0411-4867-8afc-b8734da8eb5f: null value in column "order_diagnosis" of relation "lab_orders" violates not-null constraint
[2026-03-25T21:50:43.739Z] [ERROR] [phase2/lab-orders] Lab order f037ec6e-948a-4464-a653-19680523030f: null value in column "order_diagnosis" of relation "lab_orders" violates not-null constraint
[2026-03-25T21:50:43.740Z] [ERROR] [phase2/lab-orders] Lab order f585e323-2ea4-4c8e-a6ed-02ef12e25c47: null value in column "tests" of relation "lab_orders" violates not-null constraint
[2026-03-25T21:50:43.741Z] [ERROR] [phase2/lab-orders] Lab order d9998d50-5df9-4512-8f38-61232e53d99f: null value in column "order_diagnosis" of relation "lab_orders" violates not-null constraint
[2026-03-25T21:50:43.741Z] [ERROR] [phase2/lab-orders] Lab order c9fc63f9-9f5d-47f2-bdde-e74835f49a97: null value in column "order_diagnosis" of relation "lab_orders" violates not-null constraint
[2026-03-25T21:50:43.742Z] [ERROR] [phase2/lab-orders] Lab order d91f9992-e257-45c3-9ce4-7404681cebe3: null value in column "order_diagnosis" of relation "lab_orders" violates not-null constraint
[2026-03-25T21:50:43.743Z] [ERROR] [phase2/lab-orders] Lab order a8fd1e19-a1ec-4ca5-89e7-0021737287b3: null value in column "order_diagnosis" of relation "lab_orders" violates not-null constraint
[2026-03-25T21:50:43.744Z] [ERROR] [phase2/lab-orders] Lab order 7bfcfb99-975e-46ea-86db-e9f09f441405: null value in column "order_diagnosis" of relation "lab_orders" violates not-null constraint
[2026-03-25T21:50:43.744Z] [ERROR] [phase2/lab-orders] Lab order ccdfc177-b116-4aa8-847a-d7557fad6235: null value in column "order_diagnosis" of relation "lab_orders" violates not-null constraint
[2026-03-25T21:50:43.745Z] [ERROR] [phase2/lab-orders] Lab order e9ade218-36d3-4698-87ae-f674243afde3: null value in column "order_diagnosis" of relation "lab_orders" violates not-null constraint
[2026-03-25T21:50:43.746Z] [ERROR] [phase2/lab-orders] Lab order da02eea4-6c85-4b53-9a53-a2a8c346ab43: null value in column "order_diagnosis" of relation "lab_orders" violates not-null constraint
[2026-03-25T21:50:43.746Z] [ERROR] [phase2/lab-orders] Lab order 8905841c-8747-4fc9-b6d9-bfc265a67eec: null value in column "order_diagnosis" of relation "lab_orders" violates not-null constraint
[2026-03-25T21:50:43.747Z] [ERROR] [phase2/lab-orders] Lab order be5e76f4-d36a-4ae5-a87a-a78b3806ff16: null value in column "order_diagnosis" of relation "lab_orders" violates not-null constraint
[2026-03-25T21:50:43.748Z] [ERROR] [phase2/lab-orders] Lab order f57d90b7-cf9c-446f-8af2-c82e5d2bf5af: null value in column "order_diagnosis" of relation "lab_orders" violates not-null constraint
[2026-03-25T21:50:43.749Z] [ERROR] [phase2/lab-orders] Lab order 7cc8c440-8737-4b25-88ac-ddf565f52b7b: null value in column "order_diagnosis" of relation "lab_orders" violates not-null constraint
[2026-03-25T21:50:43.749Z] [ERROR] [phase2/lab-orders] Lab order 732a8464-3fb0-46b9-b3e4-406901e7a1bd: null value in column "order_diagnosis" of relation "lab_orders" violates not-null constraint
[2026-03-25T21:50:43.750Z] [ERROR] [phase2/lab-orders] Lab order e48b3e96-26b1-4f8f-8b55-39355097cad7: null value in column "order_diagnosis" of relation "lab_orders" violates not-null constraint
[2026-03-25T21:50:43.751Z] [ERROR] [phase2/lab-orders] Lab order 2cee30e4-c078-4061-baa1-aaf42de796fd: null value in column "order_diagnosis" of relation "lab_orders" violates not-null constraint
[2026-03-25T21:50:43.752Z] [ERROR] [phase2/lab-orders] Lab order 04acef9b-895a-4781-b5c7-2e166806c1f7: null value in column "order_diagnosis" of relation "lab_orders" violates not-null constraint
[2026-03-25T21:50:43.752Z] [ERROR] [phase2/lab-orders] Lab order 5468a86a-c806-4ba6-b176-3fa44c974bbd: null value in column "order_diagnosis" of relation "lab_orders" violates not-null constraint
[2026-03-25T21:50:43.753Z] [ERROR] [phase2/lab-orders] Lab order 80f78b8d-7401-4205-9d0f-bafd0a65de3c: null value in column "order_diagnosis" of relation "lab_orders" violates not-null constraint
[2026-03-25T21:50:43.754Z] [ERROR] [phase2/lab-orders] Lab order eb45e37f-8135-4e5d-b6d9-f01cf9d6b842: null value in column "order_diagnosis" of relation "lab_orders" violates not-null constraint
[2026-03-25T21:50:43.754Z] [ERROR] [phase2/lab-orders] Lab order e887408e-2185-431a-a9c7-697188269eff: null value in column "order_diagnosis" of relation "lab_orders" violates not-null constraint
[2026-03-25T21:50:43.755Z] [ERROR] [phase2/lab-orders] Lab order 27fa1f30-1b6e-4834-8ec3-88db795752e9: null value in column "order_diagnosis" of relation "lab_orders" violates not-null constraint
[2026-03-25T21:50:43.756Z] [ERROR] [phase2/lab-orders] Lab order 419a359b-a218-4b1a-87ca-d5f9380818c0: null value in column "order_diagnosis" of relation "lab_orders" violates not-null constraint
[2026-03-25T21:50:43.757Z] [ERROR] [phase2/lab-orders] Lab order 375d2f48-ceac-480b-a882-4968035f3eb3: null value in column "order_diagnosis" of relation "lab_orders" violates not-null constraint
[2026-03-25T21:50:43.757Z] [ERROR] [phase2/lab-orders] Lab order 0c3de44e-e0ba-4744-98a0-7214699dfb07: null value in column "order_diagnosis" of relation "lab_orders" violates not-null constraint
[2026-03-25T21:50:43.758Z] [ERROR] [phase2/lab-orders] Lab order d8d400e9-f8c1-44a9-891c-fdec86f41a9c: null value in column "order_diagnosis" of relation "lab_orders" violates not-null constraint
[2026-03-25T21:50:43.759Z] [ERROR] [phase2/lab-orders] Lab order 6b10d6a9-6a6b-49d0-b512-fdb3cfe94208: null value in column "order_diagnosis" of relation "lab_orders" violates not-null constraint
[2026-03-25T21:50:43.759Z] [ERROR] [phase2/lab-orders] Lab order fcfa9f36-1572-45d4-afdf-61886a911050: null value in column "order_diagnosis" of relation "lab_orders" violates not-null constraint
[2026-03-25T21:50:43.760Z] [ERROR] [phase2/lab-orders] Lab order 2a38444a-d5eb-48ac-8496-1c1aaaeee224: null value in column "order_diagnosis" of relation "lab_orders" violates not-null constraint
[2026-03-25T21:50:43.761Z] [ERROR] [phase2/lab-orders] Lab order 234570fb-ae85-40b1-9bfe-036631fda21d: null value in column "order_diagnosis" of relation "lab_orders" violates not-null constraint
[2026-03-25T21:50:43.762Z] [ERROR] [phase2/lab-orders] Lab order 339ab105-fd75-4649-acbf-48f6ebf22d5a: null value in column "order_diagnosis" of relation "lab_orders" violates not-null constraint
[2026-03-25T21:50:43.762Z] [ERROR] [phase2/lab-orders] Lab order f93b90af-3915-4faa-ac4e-202b27005382: null value in column "order_diagnosis" of relation "lab_orders" violates not-null constraint
[2026-03-25T21:50:43.763Z] [ERROR] [phase2/lab-orders] Lab order 69f783a5-c2e2-4e9f-870d-4988e84ac817: null value in column "order_diagnosis" of relation "lab_orders" violates not-null constraint
[2026-03-25T21:50:43.764Z] [ERROR] [phase2/lab-orders] Lab order 02d8e42d-621c-416f-a84e-59a4a1ddbc4c: null value in column "order_diagnosis" of relation "lab_orders" violates not-null constraint
[2026-03-25T21:50:43.764Z] [ERROR] [phase2/lab-orders] Lab order acc1ebfd-03b2-4338-a0b5-8f85a183b777: null value in column "order_diagnosis" of relation "lab_orders" violates not-null constraint
[2026-03-25T21:50:43.765Z] [ERROR] [phase2/lab-orders] Lab order ba85141e-ee4b-44be-b866-039038a8712e: null value in column "order_diagnosis" of relation "lab_orders" violates not-null constraint
[2026-03-25T21:50:43.766Z] [ERROR] [phase2/lab-orders] Lab order 2952f051-6313-4975-b035-ac248ae34aab: null value in column "order_diagnosis" of relation "lab_orders" violates not-null constraint
[2026-03-25T21:50:43.767Z] [ERROR] [phase2/lab-orders] Lab order 5c035ba5-e8e1-40e3-b660-ef2c9ebed614: null value in column "order_diagnosis" of relation "lab_orders" violates not-null constraint
[2026-03-25T21:50:43.768Z] [ERROR] [phase2/lab-orders] Lab order d2e37377-06b5-4b54-9e58-f41401ea8ea5: null value in column "order_diagnosis" of relation "lab_orders" violates not-null constraint
[2026-03-25T21:50:43.769Z] [ERROR] [phase2/lab-orders] Lab order 4073c299-2f77-418b-abe2-bacf619691fb: null value in column "order_diagnosis" of relation "lab_orders" violates not-null constraint
[2026-03-25T21:50:43.770Z] [ERROR] [phase2/lab-orders] Lab order b453e6ad-7294-4cce-bfb4-723e0826dcea: null value in column "order_diagnosis" of relation "lab_orders" violates not-null constraint
[2026-03-25T21:50:43.771Z] [ERROR] [phase2/lab-orders] Lab order 5d87c545-6368-491d-b7a4-188ba43a4ab9: null value in column "order_diagnosis" of relation "lab_orders" violates not-null constraint
[2026-03-25T21:50:43.771Z] [ERROR] [phase2/lab-orders] Lab order 792dd1e8-d377-42e8-85f7-c3110e59980f: null value in column "order_diagnosis" of relation "lab_orders" violates not-null constraint
[2026-03-25T21:50:43.772Z] [ERROR] [phase2/lab-orders] Lab order 3c211f06-c92a-4aab-afeb-4cbbe4f2d620: null value in column "order_diagnosis" of relation "lab_orders" violates not-null constraint
[2026-03-25T21:50:43.773Z] [ERROR] [phase2/lab-orders] Lab order d669bd3a-ee91-468b-8788-e9c144576c7e: null value in column "order_diagnosis" of relation "lab_orders" violates not-null constraint
[2026-03-25T21:50:43.774Z] [ERROR] [phase2/lab-orders] Lab order 3b8c77b6-4bc9-422c-9f7c-220a7687d751: null value in column "order_diagnosis" of relation "lab_orders" violates not-null constraint
[2026-03-25T21:50:43.774Z] [ERROR] [phase2/lab-orders] Lab order 80624851-d49d-4bfc-8548-4b4a6b8d993b: null value in column "order_diagnosis" of relation "lab_orders" violates not-null constraint
[2026-03-25T21:50:43.775Z] [ERROR] [phase2/lab-orders] Lab order adbeb4fc-b766-453a-abd9-0015353188bc: null value in column "order_diagnosis" of relation "lab_orders" violates not-null constraint
[2026-03-25T21:50:43.776Z] [ERROR] [phase2/lab-orders] Lab order 927107f8-2c26-43bc-808d-8d7a4c0748a3: null value in column "order_diagnosis" of relation "lab_orders" violates not-null constraint
[2026-03-25T21:50:43.777Z] [ERROR] [phase2/lab-orders] Lab order f4880e21-f057-44c5-afef-15222f667da5: null value in column "order_diagnosis" of relation "lab_orders" violates not-null constraint
[2026-03-25T21:50:43.777Z] [ERROR] [phase2/lab-orders] Lab order 065ba013-bb46-4d49-a81c-69534457f0ef: null value in column "order_diagnosis" of relation "lab_orders" violates not-null constraint
[2026-03-25T21:50:43.778Z] [ERROR] [phase2/lab-orders] Lab order e66c31ad-d3af-4dc6-b9d3-7ae2df07eebd: null value in column "order_diagnosis" of relation "lab_orders" violates not-null constraint
[2026-03-25T21:50:43.779Z] [ERROR] [phase2/lab-orders] Lab order effbda84-c415-467d-beee-b44c648af197: null value in column "order_diagnosis" of relation "lab_orders" violates not-null constraint
[2026-03-25T21:50:43.779Z] [ERROR] [phase2/lab-orders] Lab order 8f02bec0-6c81-4a6b-84c8-0115c1d111f5: null value in column "order_diagnosis" of relation "lab_orders" violates not-null constraint
[2026-03-25T21:50:43.780Z] [ERROR] [phase2/lab-orders] Lab order ddf60d72-0af5-4221-83d5-5bb127ac8b95: null value in column "order_diagnosis" of relation "lab_orders" violates not-null constraint
[2026-03-25T21:50:43.781Z] [ERROR] [phase2/lab-orders] Lab order 8f2befcb-0c59-40bc-af1a-71cd93738299: null value in column "order_diagnosis" of relation "lab_orders" violates not-null constraint
[2026-03-25T21:50:43.782Z] [ERROR] [phase2/lab-orders] Lab order b455fbf8-26fa-4f9b-ad61-96ddf097e79f: null value in column "order_diagnosis" of relation "lab_orders" violates not-null constraint
[2026-03-25T21:50:43.782Z] [ERROR] [phase2/lab-orders] Lab order 1b53af26-d7a0-49ef-a965-c4d5d156752d: null value in column "tests" of relation "lab_orders" violates not-null constraint
[2026-03-25T21:50:43.783Z] [ERROR] [phase2/lab-orders] Lab order 490f8809-d56f-47ae-8c2e-51300e826875: null value in column "order_diagnosis" of relation "lab_orders" violates not-null constraint
[2026-03-25T21:50:43.784Z] [ERROR] [phase2/lab-orders] Lab order d024592a-07d1-4717-9fc2-13106fbab143: null value in column "order_diagnosis" of relation "lab_orders" violates not-null constraint
[2026-03-25T21:50:43.785Z] [ERROR] [phase2/lab-orders] Lab order 4fce4305-2fb8-4a86-be3d-b23282e9b623: null value in column "order_diagnosis" of relation "lab_orders" violates not-null constraint
[2026-03-25T21:50:43.786Z] [ERROR] [phase2/lab-orders] Lab order 0e916fc0-e303-4c59-9c55-123542e493fc: null value in column "order_diagnosis" of relation "lab_orders" violates not-null constraint
[2026-03-25T21:50:43.786Z] [ERROR] [phase2/lab-orders] Lab order b449a323-a8e8-4251-baab-4ebe558fe65e: null value in column "order_diagnosis" of relation "lab_orders" violates not-null constraint
[2026-03-25T21:50:43.787Z] [ERROR] [phase2/lab-orders] Lab order 228b53cb-b7ff-45ed-a4a1-1ef417aa74fd: null value in column "order_diagnosis" of relation "lab_orders" violates not-null constraint
[2026-03-25T21:50:43.788Z] [ERROR] [phase2/lab-orders] Lab order e0d65b22-662d-4a90-af25-4a800c180cf4: null value in column "order_diagnosis" of relation "lab_orders" violates not-null constraint
[2026-03-25T21:50:43.789Z] [ERROR] [phase2/lab-orders] Lab order 7c59ae6e-2dc0-40ce-a5a6-65523be0cb3c: null value in column "order_diagnosis" of relation "lab_orders" violates not-null constraint
[2026-03-25T21:50:43.789Z] [ERROR] [phase2/lab-orders] Lab order 466125c7-9946-4738-bc25-0fa0ca1ce190: null value in column "order_diagnosis" of relation "lab_orders" violates not-null constraint
[2026-03-25T21:50:43.790Z] [ERROR] [phase2/lab-orders] Lab order d13ddda9-e459-4fb6-9a59-66b4619dd469: null value in column "order_diagnosis" of relation "lab_orders" violates not-null constraint
[2026-03-25T21:50:43.791Z] [ERROR] [phase2/lab-orders] Lab order 3a52862b-4096-482c-83f2-6dcdc629ffb1: null value in column "order_diagnosis" of relation "lab_orders" violates not-null constraint
[2026-03-25T21:50:43.791Z] [ERROR] [phase2/lab-orders] Lab order dd3ffaca-2672-4fd4-903d-fb13eb06c871: null value in column "order_diagnosis" of relation "lab_orders" violates not-null constraint
[2026-03-25T21:50:43.792Z] [ERROR] [phase2/lab-orders] Lab order 758bd7c7-7543-42dd-bfee-d583f91268bd: null value in column "order_diagnosis" of relation "lab_orders" violates not-null constraint
[2026-03-25T21:50:43.795Z] [ERROR] [phase2/lab-orders] Lab order 5307c7a9-5bad-4aa9-b793-e50fc0d262ff: null value in column "order_diagnosis" of relation "lab_orders" violates not-null constraint
[2026-03-25T21:50:43.796Z] [ERROR] [phase2/lab-orders] Lab order 27caf9ca-774a-4573-8557-2e73d35e9e07: null value in column "order_diagnosis" of relation "lab_orders" violates not-null constraint
[2026-03-25T21:50:43.796Z] [ERROR] [phase2/lab-orders] Lab order 0086a328-56a8-4f9e-aced-a0f1881ae0a0: null value in column "order_diagnosis" of relation "lab_orders" violates not-null constraint
[2026-03-25T21:50:43.797Z] [ERROR] [phase2/lab-orders] Lab order 71fa78e9-848f-4d11-84d7-2c2828c2aa73: null value in column "order_diagnosis" of relation "lab_orders" violates not-null constraint
[2026-03-25T21:50:43.798Z] [ERROR] [phase2/lab-orders] Lab order df5f50c8-fffe-45b6-8b7a-c59b9e040303: null value in column "order_diagnosis" of relation "lab_orders" violates not-null constraint
[2026-03-25T21:50:43.799Z] [ERROR] [phase2/lab-orders] Lab order 31a95b7d-49b6-4929-ab75-f951fc0687d6: null value in column "order_diagnosis" of relation "lab_orders" violates not-null constraint
[2026-03-25T21:50:43.799Z] [ERROR] [phase2/lab-orders] Lab order 1e2b2c98-a4f5-4757-98a2-c7086fa29b48: null value in column "order_diagnosis" of relation "lab_orders" violates not-null constraint
[2026-03-25T21:50:43.800Z] [ERROR] [phase2/lab-orders] Lab order a06738e9-4819-41ad-80cb-0494c686634d: null value in column "order_diagnosis" of relation "lab_orders" violates not-null constraint
[2026-03-25T21:50:43.801Z] [ERROR] [phase2/lab-orders] Lab order 1f1d36f9-912e-4e45-b827-22550349a01d: null value in column "order_diagnosis" of relation "lab_orders" violates not-null constraint
[2026-03-25T21:50:43.802Z] [ERROR] [phase2/lab-orders] Lab order f93abbbd-df2c-4182-9ef9-7d26b39823a2: null value in column "order_diagnosis" of relation "lab_orders" violates not-null constraint
[2026-03-25T21:50:43.802Z] [ERROR] [phase2/lab-orders] Lab order 7b73233b-4ee0-4b73-bc10-4e505bdbb256: null value in column "order_diagnosis" of relation "lab_orders" violates not-null constraint
[2026-03-25T21:50:43.803Z] [ERROR] [phase2/lab-orders] Lab order 186a223a-6708-4946-89c4-a5e24646e149: null value in column "order_diagnosis" of relation "lab_orders" violates not-null constraint
[2026-03-25T21:50:43.804Z] [ERROR] [phase2/lab-orders] Lab order fe1cbd24-fec2-466b-985a-3bf9174ad414: null value in column "order_diagnosis" of relation "lab_orders" violates not-null constraint
[2026-03-25T21:50:43.804Z] [ERROR] [phase2/lab-orders] Lab order df0666d6-0748-42da-9c3a-d9a16a0eb2e0: null value in column "order_diagnosis" of relation "lab_orders" violates not-null constraint
[2026-03-25T21:50:43.805Z] [ERROR] [phase2/lab-orders] Lab order 89bd31cd-cdb3-43b1-8ee4-400c7941e636: null value in column "order_diagnosis" of relation "lab_orders" violates not-null constraint
[2026-03-25T21:50:43.806Z] [ERROR] [phase2/lab-orders] Lab order ff7d6f6c-ca71-40a8-a976-9f5beb89ddda: null value in column "order_diagnosis" of relation "lab_orders" violates not-null constraint
[2026-03-25T21:50:43.806Z] [ERROR] [phase2/lab-orders] Lab order 34412633-bdc0-4f43-a6c6-58855e92d5bc: null value in column "order_diagnosis" of relation "lab_orders" violates not-null constraint
[2026-03-25T21:50:43.807Z] [ERROR] [phase2/lab-orders] Lab order ed6babf0-f363-4035-9a59-d41c67dea957: null value in column "order_diagnosis" of relation "lab_orders" violates not-null constraint
[2026-03-25T21:50:43.808Z] [ERROR] [phase2/lab-orders] Lab order cd8a63e1-7484-40f5-be49-38fcb851de62: null value in column "order_diagnosis" of relation "lab_orders" violates not-null constraint
[2026-03-25T21:50:43.809Z] [ERROR] [phase2/lab-orders] Lab order fa4a6e37-0d24-4ca0-bbb3-8ba234b2c9fe: null value in column "order_diagnosis" of relation "lab_orders" violates not-null constraint
[2026-03-25T21:50:43.809Z] [ERROR] [phase2/lab-orders] Lab order 35c49b1c-9dfd-4418-a787-2a5cfdf8d719: null value in column "order_diagnosis" of relation "lab_orders" violates not-null constraint
[2026-03-25T21:50:43.810Z] [ERROR] [phase2/lab-orders] Lab order 64a94a00-b4bc-49d5-ad25-8853eae1befd: null value in column "order_diagnosis" of relation "lab_orders" violates not-null constraint
[2026-03-25T21:50:43.811Z] [ERROR] [phase2/lab-orders] Lab order 9c54d8cb-e814-4578-ac83-a5f92c94c9db: null value in column "order_diagnosis" of relation "lab_orders" violates not-null constraint
[2026-03-25T21:50:43.811Z] [ERROR] [phase2/lab-orders] Lab order 7cfa1cde-de95-4b9f-a2bc-6e7dd8c4066f: null value in column "order_diagnosis" of relation "lab_orders" violates not-null constraint
[2026-03-25T21:50:43.812Z] [ERROR] [phase2/lab-orders] Lab order f3a9c434-7bc9-48bb-a58c-be4edf752721: null value in column "order_diagnosis" of relation "lab_orders" violates not-null constraint
[2026-03-25T21:50:43.813Z] [ERROR] [phase2/lab-orders] Lab order 5935657c-556c-4730-83d7-594298adf275: null value in column "order_diagnosis" of relation "lab_orders" violates not-null constraint
[2026-03-25T21:50:43.813Z] [ERROR] [phase2/lab-orders] Lab order 1e1c8f3a-e15a-45f8-b5c2-c89527470935: null value in column "order_diagnosis" of relation "lab_orders" violates not-null constraint
[2026-03-25T21:50:43.814Z] [ERROR] [phase2/lab-orders] Lab order 0b4ad3c9-248c-485d-8b1f-567e05a1135f: null value in column "order_diagnosis" of relation "lab_orders" violates not-null constraint
[2026-03-25T21:50:43.815Z] [ERROR] [phase2/lab-orders] Lab order 6c9175f0-01db-4e8e-bae9-436a6dcce2f5: null value in column "order_diagnosis" of relation "lab_orders" violates not-null constraint
[2026-03-25T21:50:43.816Z] [ERROR] [phase2/lab-orders] Lab order 7d07b850-950a-46b3-8693-a2f331abd71a: null value in column "order_diagnosis" of relation "lab_orders" violates not-null constraint
[2026-03-25T21:50:43.816Z] [ERROR] [phase2/lab-orders] Lab order 9c164e6f-cc43-434c-bd41-61f202deddbb: null value in column "order_diagnosis" of relation "lab_orders" violates not-null constraint
[2026-03-25T21:50:43.817Z] [ERROR] [phase2/lab-orders] Lab order 3d5a1192-c174-42de-b536-bfa7ab2922c2: null value in column "order_diagnosis" of relation "lab_orders" violates not-null constraint
[2026-03-25T21:50:43.818Z] [ERROR] [phase2/lab-orders] Lab order 9f7e2344-de0f-4a5a-9668-8be8543ecdfa: null value in column "order_diagnosis" of relation "lab_orders" violates not-null constraint
[2026-03-25T21:50:43.818Z] [ERROR] [phase2/lab-orders] Lab order ac54aea3-a5c9-4f98-9e6e-f7d8acf4bb34: null value in column "order_diagnosis" of relation "lab_orders" violates not-null constraint
[2026-03-25T21:50:43.819Z] [ERROR] [phase2/lab-orders] Lab order 463f7d45-d54c-4779-8a33-a2b6801f9a43: null value in column "order_diagnosis" of relation "lab_orders" violates not-null constraint
[2026-03-25T21:50:43.820Z] [ERROR] [phase2/lab-orders] Lab order 0452b50e-8f0a-4444-a098-2ea254b0fa09: null value in column "order_diagnosis" of relation "lab_orders" violates not-null constraint
[2026-03-25T21:50:43.821Z] [ERROR] [phase2/lab-orders] Lab order 547b0cb5-e359-40ac-ac48-f82914ddd1b5: null value in column "order_diagnosis" of relation "lab_orders" violates not-null constraint
[2026-03-25T21:50:43.821Z] [ERROR] [phase2/lab-orders] Lab order d8fd58e1-ae8f-41a0-928f-7533055fa11e: null value in column "order_diagnosis" of relation "lab_orders" violates not-null constraint
[2026-03-25T21:50:43.822Z] [ERROR] [phase2/lab-orders] Lab order cd226f95-c64b-47b6-834c-ef372eba55d4: null value in column "order_diagnosis" of relation "lab_orders" violates not-null constraint
[2026-03-25T21:50:43.823Z] [ERROR] [phase2/lab-orders] Lab order 855fefe5-c655-4930-820c-2a0eaf764d55: null value in column "order_diagnosis" of relation "lab_orders" violates not-null constraint
[2026-03-25T21:50:43.823Z] [ERROR] [phase2/lab-orders] Lab order 3bce8455-c111-4304-8d45-e860df10c1f6: null value in column "order_diagnosis" of relation "lab_orders" violates not-null constraint
[2026-03-25T21:50:43.824Z] [ERROR] [phase2/lab-orders] Lab order 24d021ca-ce54-4349-9b93-99c1179cd0b6: null value in column "order_diagnosis" of relation "lab_orders" violates not-null constraint
[2026-03-25T21:50:43.825Z] [ERROR] [phase2/lab-orders] Lab order 38a1c9f7-f5ac-4f8d-94b3-99b0a68eb976: null value in column "order_diagnosis" of relation "lab_orders" violates not-null constraint
[2026-03-25T21:50:43.826Z] [ERROR] [phase2/lab-orders] Lab order dddc50f1-c604-453b-8d94-1526b6d0af36: null value in column "order_diagnosis" of relation "lab_orders" violates not-null constraint
[2026-03-25T21:50:43.826Z] [ERROR] [phase2/lab-orders] Lab order c8e683c7-8a2b-4f69-9352-ee1ff92db1c4: null value in column "order_diagnosis" of relation "lab_orders" violates not-null constraint
[2026-03-25T21:50:43.827Z] [ERROR] [phase2/lab-orders] Lab order d9ceb26e-a04b-4c40-b372-fd9a34d3e43f: null value in column "order_diagnosis" of relation "lab_orders" violates not-null constraint
[2026-03-25T21:50:43.828Z] [ERROR] [phase2/lab-orders] Lab order 99d240f2-daa4-4934-8773-829a2c105901: null value in column "order_diagnosis" of relation "lab_orders" violates not-null constraint
[2026-03-25T21:50:43.828Z] [ERROR] [phase2/lab-orders] Lab order 039d3fe2-ea7a-4578-b793-5b6c1e623f9b: null value in column "order_diagnosis" of relation "lab_orders" violates not-null constraint
[2026-03-25T21:50:43.829Z] [ERROR] [phase2/lab-orders] Lab order aa964e83-3bfa-4009-acac-f8c54f7b90ea: null value in column "order_diagnosis" of relation "lab_orders" violates not-null constraint
[2026-03-25T21:50:43.830Z] [ERROR] [phase2/lab-orders] Lab order 399b1375-e72b-40df-98d1-0323aa760698: null value in column "order_diagnosis" of relation "lab_orders" violates not-null constraint
[2026-03-25T21:50:43.831Z] [ERROR] [phase2/lab-orders] Lab order 08d3e991-3c0e-4626-8110-6d8abcedd465: null value in column "order_diagnosis" of relation "lab_orders" violates not-null constraint
[2026-03-25T21:50:43.831Z] [ERROR] [phase2/lab-orders] Lab order 399ec78e-5ead-44c0-90a0-5e816fdbbc1f: null value in column "order_diagnosis" of relation "lab_orders" violates not-null constraint
[2026-03-25T21:50:43.832Z] [ERROR] [phase2/lab-orders] Lab order 1746557f-bc96-4173-a9e1-5d41bfed748c: null value in column "order_diagnosis" of relation "lab_orders" violates not-null constraint
[2026-03-25T21:50:43.833Z] [ERROR] [phase2/lab-orders] Lab order 7f7eecf4-d63c-4e56-a155-b2ad13aaa671: null value in column "order_diagnosis" of relation "lab_orders" violates not-null constraint
[2026-03-25T21:50:43.833Z] [ERROR] [phase2/lab-orders] Lab order 616da352-8916-42cb-be66-4b95c64733af: null value in column "order_diagnosis" of relation "lab_orders" violates not-null constraint
[2026-03-25T21:50:43.834Z] [ERROR] [phase2/lab-orders] Lab order 37f545a3-eaf9-49d8-a901-1bad7594efc2: null value in column "order_diagnosis" of relation "lab_orders" violates not-null constraint
[2026-03-25T21:50:43.835Z] [ERROR] [phase2/lab-orders] Lab order 8d1f4ec3-2dcd-47c3-9cc5-631c605cdbd1: null value in column "order_diagnosis" of relation "lab_orders" violates not-null constraint
[2026-03-25T21:50:43.836Z] [ERROR] [phase2/lab-orders] Lab order be9a130e-65d7-4777-8072-e0ac119c5897: null value in column "order_diagnosis" of relation "lab_orders" violates not-null constraint
[2026-03-25T21:50:43.836Z] [ERROR] [phase2/lab-orders] Lab order 421701f9-7652-46e4-84e2-4aaf4ac7966f: null value in column "order_diagnosis" of relation "lab_orders" violates not-null constraint
[2026-03-25T21:50:43.837Z] [ERROR] [phase2/lab-orders] Lab order 775f3763-7297-4e3e-ba07-8ec213ecb31f: null value in column "order_diagnosis" of relation "lab_orders" violates not-null constraint
[2026-03-25T21:50:43.838Z] [ERROR] [phase2/lab-orders] Lab order a1583d95-f1c8-4d54-b22e-28888cc14a41: null value in column "order_diagnosis" of relation "lab_orders" violates not-null constraint
[2026-03-25T21:50:43.839Z] [ERROR] [phase2/lab-orders] Lab order 47dc25e1-95c9-4da6-9051-2bc0a38b56d8: null value in column "order_diagnosis" of relation "lab_orders" violates not-null constraint
[2026-03-25T21:50:43.839Z] [ERROR] [phase2/lab-orders] Lab order f91a763e-466b-469d-875c-4e1c89c9e276: null value in column "order_diagnosis" of relation "lab_orders" violates not-null constraint
[2026-03-25T21:50:43.840Z] [ERROR] [phase2/lab-orders] Lab order 45b27369-4296-4ea9-9358-b8a033af3260: null value in column "order_diagnosis" of relation "lab_orders" violates not-null constraint
[2026-03-25T21:50:43.841Z] [ERROR] [phase2/lab-orders] Lab order 36f01067-fa04-4b81-b735-5876c3ede1be: null value in column "order_diagnosis" of relation "lab_orders" violates not-null constraint
[2026-03-25T21:50:43.842Z] [ERROR] [phase2/lab-orders] Lab order 62f84f55-7167-4019-af2e-623d716f1f30: null value in column "order_diagnosis" of relation "lab_orders" violates not-null constraint
[2026-03-25T21:50:43.842Z] [ERROR] [phase2/lab-orders] Lab order 0e3541d3-c246-4f91-b129-8c48db55e29b: null value in column "order_diagnosis" of relation "lab_orders" violates not-null constraint
[2026-03-25T21:50:43.843Z] [ERROR] [phase2/lab-orders] Lab order eaa4232c-8065-4ecc-a347-bdaca7e7b8cc: null value in column "order_diagnosis" of relation "lab_orders" violates not-null constraint
[2026-03-25T21:50:43.844Z] [ERROR] [phase2/lab-orders] Lab order 565a152c-3fa9-4449-a9fe-7de3bb250a14: null value in column "order_diagnosis" of relation "lab_orders" violates not-null constraint
[2026-03-25T21:50:43.844Z] [ERROR] [phase2/lab-orders] Lab order 681c8883-604c-4f69-b368-cc9a99c58a17: null value in column "order_diagnosis" of relation "lab_orders" violates not-null constraint
[2026-03-25T21:50:43.845Z] [ERROR] [phase2/lab-orders] Lab order e0078330-69d7-443c-9055-d08c26fcd700: null value in column "order_diagnosis" of relation "lab_orders" violates not-null constraint
[2026-03-25T21:50:43.846Z] [ERROR] [phase2/lab-orders] Lab order 58ebbbc9-8d88-4546-a51c-8ae7139c80f5: null value in column "order_diagnosis" of relation "lab_orders" violates not-null constraint
[2026-03-25T21:50:43.846Z] [ERROR] [phase2/lab-orders] Lab order bc567db4-ed2b-4cb8-a1b7-b31ce7754c96: null value in column "order_diagnosis" of relation "lab_orders" violates not-null constraint
[2026-03-25T21:50:43.847Z] [ERROR] [phase2/lab-orders] Lab order 0f238082-e819-4f84-b4da-7f636672ba6b: null value in column "order_diagnosis" of relation "lab_orders" violates not-null constraint
[2026-03-25T21:50:43.848Z] [ERROR] [phase2/lab-orders] Lab order f7c7a0c9-6da3-404e-8f5a-5ece12683456: null value in column "order_diagnosis" of relation "lab_orders" violates not-null constraint
[2026-03-25T21:50:43.849Z] [ERROR] [phase2/lab-orders] Lab order 191423c5-baa4-410d-9721-8dcc730a2a91: null value in column "order_diagnosis" of relation "lab_orders" violates not-null constraint
[2026-03-25T21:50:43.849Z] [ERROR] [phase2/lab-orders] Lab order be00a7b1-c50a-45b6-8d08-eb3929f14b4a: null value in column "order_diagnosis" of relation "lab_orders" violates not-null constraint
[2026-03-25T21:50:43.850Z] [ERROR] [phase2/lab-orders] Lab order 45ab6475-eba0-46c0-bd20-d644e16fe11e: null value in column "order_diagnosis" of relation "lab_orders" violates not-null constraint
[2026-03-25T21:50:43.851Z] [ERROR] [phase2/lab-orders] Lab order 14f07f87-0325-42e9-9968-225c3c4c3ed0: null value in column "order_diagnosis" of relation "lab_orders" violates not-null constraint
[2026-03-25T21:50:43.851Z] [ERROR] [phase2/lab-orders] Lab order 7beca470-6daa-4f89-b919-e2eadc3ddb5a: null value in column "order_diagnosis" of relation "lab_orders" violates not-null constraint
[2026-03-25T21:50:43.852Z] [ERROR] [phase2/lab-orders] Lab order 2b5d0207-4bb6-4d6a-bea1-b8774c23cc5a: null value in column "order_diagnosis" of relation "lab_orders" violates not-null constraint
[2026-03-25T21:50:43.853Z] [ERROR] [phase2/lab-orders] Lab order 0b9e865e-680c-462f-bdb3-1c2afffa2cfd: null value in column "order_diagnosis" of relation "lab_orders" violates not-null constraint
[2026-03-25T21:50:43.853Z] [ERROR] [phase2/lab-orders] Lab order 60a79d0a-fe4e-4ab4-b74d-a3b2bca96fa1: null value in column "order_diagnosis" of relation "lab_orders" violates not-null constraint
[2026-03-25T21:50:43.854Z] [ERROR] [phase2/lab-orders] Lab order 0cde0087-0717-4d03-9917-548813852ced: null value in column "order_diagnosis" of relation "lab_orders" violates not-null constraint
[2026-03-25T21:50:43.855Z] [ERROR] [phase2/lab-orders] Lab order 6bf0b4b5-6dbe-46fb-b827-a9aa9fc63332: null value in column "order_diagnosis" of relation "lab_orders" violates not-null constraint
[2026-03-25T21:50:43.856Z] [ERROR] [phase2/lab-orders] Lab order 3aea90a4-71c7-45e7-ab1b-354e4fb71b94: null value in column "order_diagnosis" of relation "lab_orders" violates not-null constraint
[2026-03-25T21:50:43.856Z] [ERROR] [phase2/lab-orders] Lab order aee42051-738d-431c-be3c-44dd040ec245: null value in column "order_diagnosis" of relation "lab_orders" violates not-null constraint
[2026-03-25T21:50:43.857Z] [ERROR] [phase2/lab-orders] Lab order 5fd8297d-a4fd-409b-ae85-dd2b3fc48d34: null value in column "order_diagnosis" of relation "lab_orders" violates not-null constraint
[2026-03-25T21:50:43.858Z] [ERROR] [phase2/lab-orders] Lab order 4c357963-dd7a-4cea-84fb-abf26d8d1cf3: null value in column "order_diagnosis" of relation "lab_orders" violates not-null constraint
[2026-03-25T21:50:43.859Z] [ERROR] [phase2/lab-orders] Lab order a934ab3e-8ff8-4fae-9d46-8a8d055c51df: null value in column "order_diagnosis" of relation "lab_orders" violates not-null constraint
[2026-03-25T21:50:43.859Z] [ERROR] [phase2/lab-orders] Lab order c675d9dc-5453-46e6-897f-2de3450e3871: null value in column "order_diagnosis" of relation "lab_orders" violates not-null constraint
[2026-03-25T21:50:43.860Z] [ERROR] [phase2/lab-orders] Lab order 9494ae0e-4b2a-4d29-895f-246fa3e7cc31: null value in column "order_diagnosis" of relation "lab_orders" violates not-null constraint
[2026-03-25T21:50:43.861Z] [ERROR] [phase2/lab-orders] Lab order 6054249a-3484-4c34-87f5-0da1a602d442: null value in column "order_diagnosis" of relation "lab_orders" violates not-null constraint
[2026-03-25T21:50:43.861Z] [ERROR] [phase2/lab-orders] Lab order e69abbe8-697f-4519-add4-4325bd425d9f: null value in column "order_diagnosis" of relation "lab_orders" violates not-null constraint
[2026-03-25T21:50:43.862Z] [ERROR] [phase2/lab-orders] Lab order 300bc44d-b462-44be-9681-d101b14ce72e: null value in column "order_diagnosis" of relation "lab_orders" violates not-null constraint
[2026-03-25T21:50:43.863Z] [ERROR] [phase2/lab-orders] Lab order 3ad206ac-d075-4019-a3cf-cf3af13eae82: null value in column "order_diagnosis" of relation "lab_orders" violates not-null constraint
[2026-03-25T21:50:43.864Z] [ERROR] [phase2/lab-orders] Lab order 0d78db74-8cdc-4e24-8199-3448bb8672da: null value in column "order_diagnosis" of relation "lab_orders" violates not-null constraint
[2026-03-25T21:50:43.864Z] [ERROR] [phase2/lab-orders] Lab order 9b56fff7-25dd-41f6-8563-bab9f5a5893f: null value in column "order_diagnosis" of relation "lab_orders" violates not-null constraint
[2026-03-25T21:50:43.865Z] [ERROR] [phase2/lab-orders] Lab order 300c9197-1ee9-407f-ae62-a93a11ab1075: null value in column "order_diagnosis" of relation "lab_orders" violates not-null constraint
[2026-03-25T21:50:43.866Z] [ERROR] [phase2/lab-orders] Lab order 6b16f9a5-4930-4868-87f3-a3beb9edd861: null value in column "order_diagnosis" of relation "lab_orders" violates not-null constraint
[2026-03-25T21:50:43.866Z] [ERROR] [phase2/lab-orders] Lab order d68fb4bf-71c8-41f4-aa95-a29f3f014de5: null value in column "order_diagnosis" of relation "lab_orders" violates not-null constraint
[2026-03-25T21:50:43.867Z] [ERROR] [phase2/lab-orders] Lab order e23dc836-9645-4232-bc7b-1118851d337d: null value in column "order_diagnosis" of relation "lab_orders" violates not-null constraint
[2026-03-25T21:50:43.868Z] [ERROR] [phase2/lab-orders] Lab order 54edd8ce-6652-40e6-ac97-5d89772dce6f: null value in column "order_diagnosis" of relation "lab_orders" violates not-null constraint
[2026-03-25T21:50:43.868Z] [ERROR] [phase2/lab-orders] Lab order ad2d67dd-74dd-450d-a6ae-d83ea47da029: null value in column "order_diagnosis" of relation "lab_orders" violates not-null constraint
[2026-03-25T21:50:43.869Z] [ERROR] [phase2/lab-orders] Lab order cb3c8462-d6d8-4890-8ce6-c0ba44af340f: null value in column "order_diagnosis" of relation "lab_orders" violates not-null constraint
[2026-03-25T21:50:43.870Z] [ERROR] [phase2/lab-orders] Lab order 81e5f90a-ba4d-4ae7-923a-2d4285f6ed72: null value in column "order_diagnosis" of relation "lab_orders" violates not-null constraint
[2026-03-25T21:50:43.870Z] [ERROR] [phase2/lab-orders] Lab order b538edb8-fdaf-4aab-89f1-bbe64913ce5a: null value in column "order_diagnosis" of relation "lab_orders" violates not-null constraint
[2026-03-25T21:50:43.871Z] [ERROR] [phase2/lab-orders] Lab order 49983922-0c4e-4fd8-8934-fc4aa5a3c924: null value in column "order_diagnosis" of relation "lab_orders" violates not-null constraint
[2026-03-25T21:50:43.872Z] [ERROR] [phase2/lab-orders] Lab order 32d188cc-4eee-4b41-a179-778fdb9ce2d9: null value in column "order_diagnosis" of relation "lab_orders" violates not-null constraint
[2026-03-25T21:50:43.873Z] [ERROR] [phase2/lab-orders] Lab order 4dab8a54-ef05-49b8-8255-9c013bf84a72: null value in column "order_diagnosis" of relation "lab_orders" violates not-null constraint
[2026-03-25T21:50:43.873Z] [ERROR] [phase2/lab-orders] Lab order a4d37229-c4c2-426a-b1c9-1ec96468df3e: null value in column "order_diagnosis" of relation "lab_orders" violates not-null constraint
[2026-03-25T21:50:43.874Z] [ERROR] [phase2/lab-orders] Lab order fe4a0331-f28c-49fb-a7bb-afa957d05648: null value in column "order_diagnosis" of relation "lab_orders" violates not-null constraint
[2026-03-25T21:50:43.875Z] [ERROR] [phase2/lab-orders] Lab order 5edf3069-d381-481f-9ea7-bb2c8e348a37: null value in column "tests" of relation "lab_orders" violates not-null constraint
[2026-03-25T21:50:43.875Z] [ERROR] [phase2/lab-orders] Lab order f2070464-625e-42be-b4b9-5979e01d1b48: null value in column "order_diagnosis" of relation "lab_orders" violates not-null constraint
[2026-03-25T21:50:43.876Z] [ERROR] [phase2/lab-orders] Lab order eb2eb3e5-1748-4c0b-a207-21ebcd4bfe47: null value in column "order_diagnosis" of relation "lab_orders" violates not-null constraint
[2026-03-25T21:50:43.877Z] [ERROR] [phase2/lab-orders] Lab order 96aa8e5f-0f80-4d1f-a5b0-285ef5b742cf: null value in column "order_diagnosis" of relation "lab_orders" violates not-null constraint
[2026-03-25T21:50:43.878Z] [ERROR] [phase2/lab-orders] Lab order 2c3973c7-4e0e-46cc-86f6-b50d42f8e7b3: null value in column "order_diagnosis" of relation "lab_orders" violates not-null constraint
[2026-03-25T21:50:43.878Z] [ERROR] [phase2/lab-orders] Lab order eb0233a4-7bd4-4032-a686-8690c00b6b57: null value in column "order_diagnosis" of relation "lab_orders" violates not-null constraint
[2026-03-25T21:50:43.879Z] [ERROR] [phase2/lab-orders] Lab order c0c61ed1-b8cf-43a5-a599-7ce952c2e638: null value in column "order_diagnosis" of relation "lab_orders" violates not-null constraint
[2026-03-25T21:50:43.880Z] [ERROR] [phase2/lab-orders] Lab order a39a19bf-4840-4c7f-bb4f-09615b2d2b04: null value in column "tests" of relation "lab_orders" violates not-null constraint
[2026-03-25T21:50:43.880Z] [ERROR] [phase2/lab-orders] Lab order 23963247-3f95-4690-b6b6-40ce61345028: null value in column "order_diagnosis" of relation "lab_orders" violates not-null constraint
[2026-03-25T21:50:43.881Z] [ERROR] [phase2/lab-orders] Lab order 204811ae-6f23-4841-897c-3f9aeac23d64: null value in column "order_diagnosis" of relation "lab_orders" violates not-null constraint
[2026-03-25T21:50:43.882Z] [ERROR] [phase2/lab-orders] Lab order b90d538c-e6d2-4ca3-a78e-258f302a6566: null value in column "order_diagnosis" of relation "lab_orders" violates not-null constraint
[2026-03-25T21:50:43.883Z] [ERROR] [phase2/lab-orders] Lab order 9c824f91-4ca2-4790-addb-ba201b031f98: null value in column "order_diagnosis" of relation "lab_orders" violates not-null constraint
[2026-03-25T21:50:43.884Z] [ERROR] [phase2/lab-orders] Lab order b3aef08b-e475-4816-bd9e-d8a6cf43f513: null value in column "order_diagnosis" of relation "lab_orders" violates not-null constraint
[2026-03-25T21:50:43.884Z] [ERROR] [phase2/lab-orders] Lab order be5c2d58-c7eb-4e33-aa90-1a9851aa5213: null value in column "order_diagnosis" of relation "lab_orders" violates not-null constraint
[2026-03-25T21:50:43.885Z] [ERROR] [phase2/lab-orders] Lab order 63c9c99b-36c7-48b8-b5bc-f827b92a2291: null value in column "order_diagnosis" of relation "lab_orders" violates not-null constraint
[2026-03-25T21:50:43.886Z] [ERROR] [phase2/lab-orders] Lab order bd46c49d-04e6-4380-88cf-5e0ba8b57a8c: null value in column "order_diagnosis" of relation "lab_orders" violates not-null constraint
[2026-03-25T21:50:43.887Z] [ERROR] [phase2/lab-orders] Lab order 03665ca5-db07-4cd6-8893-e32f21b013c0: null value in column "order_diagnosis" of relation "lab_orders" violates not-null constraint
[2026-03-25T21:50:43.887Z] [ERROR] [phase2/lab-orders] Lab order fed4c678-36c8-4c65-9fd3-9047a71a425f: null value in column "order_diagnosis" of relation "lab_orders" violates not-null constraint
[2026-03-25T21:50:43.888Z] [ERROR] [phase2/lab-orders] Lab order 43bc5521-1c0a-41b3-b653-11acef129cbd: null value in column "order_diagnosis" of relation "lab_orders" violates not-null constraint
[2026-03-25T21:50:43.889Z] [ERROR] [phase2/lab-orders] Lab order b3a6034c-88e5-4179-95d7-4072b9ddf25e: null value in column "order_diagnosis" of relation "lab_orders" violates not-null constraint
[2026-03-25T21:50:43.890Z] [ERROR] [phase2/lab-orders] Lab order d4850482-69ea-4ae9-8350-751cd2d10239: null value in column "order_diagnosis" of relation "lab_orders" violates not-null constraint
[2026-03-25T21:50:43.890Z] [ERROR] [phase2/lab-orders] Lab order 08e2c1ec-b50d-4114-b79b-0e4c4bedd7ff: null value in column "order_diagnosis" of relation "lab_orders" violates not-null constraint
[2026-03-25T21:50:43.891Z] [ERROR] [phase2/lab-orders] Lab order 41a6decb-fea0-49d8-a6f4-ed3880b54020: null value in column "order_diagnosis" of relation "lab_orders" violates not-null constraint
[2026-03-25T21:50:43.892Z] [ERROR] [phase2/lab-orders] Lab order 7b52b529-cb45-4a99-bb99-e4d2cb89f5cd: null value in column "order_diagnosis" of relation "lab_orders" violates not-null constraint
[2026-03-25T21:50:43.893Z] [ERROR] [phase2/lab-orders] Lab order a1f9d808-b4d0-4ad3-8862-92324627f586: null value in column "order_diagnosis" of relation "lab_orders" violates not-null constraint
[2026-03-25T21:50:43.893Z] [ERROR] [phase2/lab-orders] Lab order 7eafa6db-ebe7-4348-9c1e-aa4cae3289d8: null value in column "order_diagnosis" of relation "lab_orders" violates not-null constraint
[2026-03-25T21:50:43.894Z] [ERROR] [phase2/lab-orders] Lab order b6602c45-0e56-447a-8d8c-f5c2a2674144: null value in column "order_diagnosis" of relation "lab_orders" violates not-null constraint
[2026-03-25T21:50:43.895Z] [ERROR] [phase2/lab-orders] Lab order 385e3ee6-ae83-4cc8-82de-0e64e6fdc0c5: null value in column "order_diagnosis" of relation "lab_orders" violates not-null constraint
[2026-03-25T21:50:43.895Z] [ERROR] [phase2/lab-orders] Lab order 8e8b0dea-f43b-4db3-80b1-f1dac8051016: null value in column "order_diagnosis" of relation "lab_orders" violates not-null constraint
[2026-03-25T21:50:43.896Z] [ERROR] [phase2/lab-orders] Lab order 55c0c534-676c-417c-af87-9e0cfe802336: null value in column "order_diagnosis" of relation "lab_orders" violates not-null constraint
[2026-03-25T21:50:43.897Z] [ERROR] [phase2/lab-orders] Lab order 7a5e5064-b541-4834-bbec-7a9b23f61587: null value in column "order_diagnosis" of relation "lab_orders" violates not-null constraint
[2026-03-25T21:50:43.898Z] [ERROR] [phase2/lab-orders] Lab order e5ea80d7-9c2e-4f6e-8dec-6e0a2ad99983: null value in column "order_diagnosis" of relation "lab_orders" violates not-null constraint
[2026-03-25T21:50:43.898Z] [ERROR] [phase2/lab-orders] Lab order 45928821-361d-493b-8ed7-5f7cf44e0212: null value in column "tests" of relation "lab_orders" violates not-null constraint
[2026-03-25T21:50:43.899Z] [ERROR] [phase2/lab-orders] Lab order c1346cc4-fc48-4555-81f4-b7a7fd51c00a: null value in column "order_diagnosis" of relation "lab_orders" violates not-null constraint
[2026-03-25T21:50:43.900Z] [ERROR] [phase2/lab-orders] Lab order 836b74f5-dd90-4812-8fdb-426187b52ef0: null value in column "order_diagnosis" of relation "lab_orders" violates not-null constraint
[2026-03-25T21:50:43.901Z] [ERROR] [phase2/lab-orders] Lab order 1ffe68c7-5679-44d2-9969-c90b129f9228: null value in column "tests" of relation "lab_orders" violates not-null constraint
[2026-03-25T21:50:43.901Z] [ERROR] [phase2/lab-orders] Lab order 59d46ce7-897a-4560-80b4-8b29327eccb2: null value in column "order_diagnosis" of relation "lab_orders" violates not-null constraint
[2026-03-25T21:50:43.902Z] [ERROR] [phase2/lab-orders] Lab order 4de632a0-a4f4-48c4-8392-808e2331b7e2: null value in column "order_diagnosis" of relation "lab_orders" violates not-null constraint
[2026-03-25T21:50:43.903Z] [ERROR] [phase2/lab-orders] Lab order c722e691-bc0a-4e57-ba4c-411ca389b6e3: null value in column "order_diagnosis" of relation "lab_orders" violates not-null constraint
[2026-03-25T21:50:43.903Z] [ERROR] [phase2/lab-orders] Lab order 05c11ea3-71b9-4aa0-a600-2a152e59b691: null value in column "order_diagnosis" of relation "lab_orders" violates not-null constraint
[2026-03-25T21:50:43.904Z] [ERROR] [phase2/lab-orders] Lab order 3ba7d399-e973-4952-96ec-bc03abecf859: null value in column "order_diagnosis" of relation "lab_orders" violates not-null constraint
[2026-03-25T21:50:43.905Z] [ERROR] [phase2/lab-orders] Lab order dd051afc-ddbc-42eb-bb0c-705c315ab49d: null value in column "order_diagnosis" of relation "lab_orders" violates not-null constraint
[2026-03-25T21:50:43.905Z] [INFO] [phase2/lab-orders] Complete: 562 total, 0 imported, 0 updated, 0 skipped, 562 errored
[2026-03-25T21:50:43.905Z] [INFO] [main] Done!
